ward_code,province_code,tdp_count,arrangement,resolution,effective_date,verified,source_keys,note
00004,01,18,2026_07,,2026-07-01,unverified,wiki-00004-1;wiki-00004-2;wiki-00004-3,Trích tự động từ Wikipedia tiếng Việt (mode=table). Cần đối chiếu nghị quyết HĐND phường/xã.
00008,01,30,2026_07,,2026-07-01,unverified,wiki-00008-1;wiki-00008-2;wiki-00008-3,Trích tự động từ Wikipedia tiếng Việt (mode=table). Cần đối chiếu nghị quyết HĐND phường/xã.
00025,01,25,2026_07,,2026-07-01,unverified,wiki-00025-1;wiki-00025-2;wiki-00025-3,Trích tự động từ Wikipedia tiếng Việt (mode=table). Cần đối chiếu nghị quyết HĐND phường/xã.
00070,01,28,2026_07,,2026-07-01,unverified,wiki-00070-1;wiki-00070-2;wiki-00070-3,Trích tự động từ Wikipedia tiếng Việt (mode=table). Cần đối chiếu nghị quyết HĐND phường/xã.
00082,01,16,2026_07,,2026-07-01,unverified,wiki-00082-1;wiki-00082-2;wiki-00082-3,Trích tự động từ Wikipedia tiếng Việt (mode=table). Cần đối chiếu nghị quyết HĐND phường/xã.
00097,01,96,truoc_2026_07,,,unverified,wiki-00097-1;wiki-00097-2;wiki-00097-3,Trích tự động từ Wikipedia tiếng Việt (mode=table). Cần đối chiếu nghị quyết HĐND phường/xã. ⚠️ Danh mục có thể là hiện trạng TRƯỚC sắp xếp thôn/TDP 01/7/2026 — Wikipedia chưa cập nhật nghị quyết mới.
00118,01,45,2026_07,,2026-07-01,unverified,wiki-00118-1;wiki-00118-2;wiki-00118-3,Trích tự động từ Wikipedia tiếng Việt (mode=table). Cần đối chiếu nghị quyết HĐND phường/xã.
00127,01,32,2026_07,,2026-07-01,unverified,wiki-00127-1;wiki-00127-2;wiki-00127-3,Trích tự động từ Wikipedia tiếng Việt (mode=table). Cần đối chiếu nghị quyết HĐND phường/xã.
00136,01,21,2026_07,,2026-07-01,unverified,wiki-00136-1;wiki-00136-2;wiki-00136-3,Trích tự động từ Wikipedia tiếng Việt (mode=table). Cần đối chiếu nghị quyết HĐND phường/xã.
00145,01,25,2026_07,,2026-07-01,unverified,wiki-00145-1;wiki-00145-2;wiki-00145-3,Trích tự động từ Wikipedia tiếng Việt (mode=table). Cần đối chiếu nghị quyết HĐND phường/xã.
00160,01,50,2026_07,Đề án số 246/ĐA-UBND ngày 26/6/2026 của UBND phường Nghĩa Đô về sắp xếp tổ dân phố,2026-07-01,partial,portal-00160,"Từ 87 xuống 50 tổ dân phố, đánh số 1–50. Theo Đề án UBND phường (chờ nghị quyết HĐND phường chính thức)."
00175,01,41,2026_07,,2026-07-01,unverified,wiki-00175-1;wiki-00175-2;wiki-00175-3,Trích tự động từ Wikipedia tiếng Việt (mode=table). Cần đối chiếu nghị quyết HĐND phường/xã.
00190,01,23,2026_07,,2026-07-01,unverified,wiki-00190-1;wiki-00190-2;wiki-00190-3,Trích tự động từ Wikipedia tiếng Việt (mode=table). Cần đối chiếu nghị quyết HĐND phường/xã.
00199,01,25,2026_07,,2026-07-01,unverified,wiki-00199-1;wiki-00199-2;wiki-00199-3,Trích tự động từ Wikipedia tiếng Việt (mode=table). Cần đối chiếu nghị quyết HĐND phường/xã.
00226,01,35,2026_07,,2026-07-01,unverified,wiki-00226-1;wiki-00226-2;wiki-00226-3,Trích tự động từ Wikipedia tiếng Việt (mode=numbered). Cần đối chiếu nghị quyết HĐND phường/xã.
00229,01,29,2026_07,,2026-07-01,unverified,wiki-00229-1;wiki-00229-2;wiki-00229-3,Trích tự động từ Wikipedia tiếng Việt (mode=table). Cần đối chiếu nghị quyết HĐND phường/xã.
00235,01,23,2026_07,,2026-07-01,unverified,wiki-00235-1;wiki-00235-2;wiki-00235-3,Trích tự động từ Wikipedia tiếng Việt (mode=table). Cần đối chiếu nghị quyết HĐND phường/xã.
00256,01,25,2026_07,,2026-07-01,unverified,wiki-00256-1;wiki-00256-2;wiki-00256-3,Trích tự động từ Wikipedia tiếng Việt (mode=table). Cần đối chiếu nghị quyết HĐND phường/xã.
00283,01,38,2026_07,,2026-07-01,unverified,wiki-00283-1;wiki-00283-2;wiki-00283-3,Trích tự động từ Wikipedia tiếng Việt (mode=table). Cần đối chiếu nghị quyết HĐND phường/xã.
00292,01,51,2026_07,,2026-07-01,unverified,wiki-00292-1;wiki-00292-2;wiki-00292-3,Trích tự động từ Wikipedia tiếng Việt (mode=table). Cần đối chiếu nghị quyết HĐND phường/xã.
00301,01,25,2026_07,,2026-07-01,unverified,wiki-00301-1;wiki-00301-2;wiki-00301-3,Trích tự động từ Wikipedia tiếng Việt (mode=table). Cần đối chiếu nghị quyết HĐND phường/xã.
00316,01,35,2026_07,,2026-07-01,unverified,wiki-00316-1;wiki-00316-2;wiki-00316-3,Trích tự động từ Wikipedia tiếng Việt (mode=table). Cần đối chiếu nghị quyết HĐND phường/xã.
00322,01,51,2026_07,,2026-07-01,unverified,wiki-00322-1;wiki-00322-2;wiki-00322-3,Trích tự động từ Wikipedia tiếng Việt (mode=table). Cần đối chiếu nghị quyết HĐND phường/xã.
00328,01,14,2026_07,,2026-07-01,unverified,wiki-00328-1;wiki-00328-2;wiki-00328-3,Trích tự động từ Wikipedia tiếng Việt (mode=table). Cần đối chiếu nghị quyết HĐND phường/xã.
00331,01,41,2026_07,,2026-07-01,unverified,wiki-00331-1;wiki-00331-2;wiki-00331-3,Trích tự động từ Wikipedia tiếng Việt (mode=table). Cần đối chiếu nghị quyết HĐND phường/xã.
00337,01,20,2026_07,,2026-07-01,unverified,wiki-00337-1;wiki-00337-2;wiki-00337-3,Trích tự động từ Wikipedia tiếng Việt (mode=table). Cần đối chiếu nghị quyết HĐND phường/xã.
00340,01,11,2026_07,,2026-07-01,unverified,wiki-00340-1;wiki-00340-2;wiki-00340-3,Trích tự động từ Wikipedia tiếng Việt (mode=table). Cần đối chiếu nghị quyết HĐND phường/xã.
00352,01,25,2026_07,,2026-07-01,unverified,wiki-00352-1;wiki-00352-2;wiki-00352-3,Trích tự động từ Wikipedia tiếng Việt (mode=table). Cần đối chiếu nghị quyết HĐND phường/xã.
00364,01,37,2026_07,,2026-07-01,unverified,wiki-00364-1;wiki-00364-2;wiki-00364-3,Trích tự động từ Wikipedia tiếng Việt (mode=table). Cần đối chiếu nghị quyết HĐND phường/xã.
00367,01,51,2026_07,,2026-07-01,unverified,wiki-00367-1;wiki-00367-2;wiki-00367-3,Trích tự động từ Wikipedia tiếng Việt (mode=table). Cần đối chiếu nghị quyết HĐND phường/xã.
00376,01,26,2026_07,,2026-07-01,unverified,wiki-00376-1;wiki-00376-2;wiki-00376-3,Trích tự động từ Wikipedia tiếng Việt (mode=table). Cần đối chiếu nghị quyết HĐND phường/xã.
00382,01,11,2026_07,,2026-07-01,unverified,wiki-00382-1;wiki-00382-2;wiki-00382-3,Trích tự động từ Wikipedia tiếng Việt (mode=table). Cần đối chiếu nghị quyết HĐND phường/xã.
00385,01,16,2026_07,,2026-07-01,unverified,wiki-00385-1;wiki-00385-2;wiki-00385-3,Trích tự động từ Wikipedia tiếng Việt (mode=table). Cần đối chiếu nghị quyết HĐND phường/xã.
00430,01,19,2026_07,,2026-07-01,unverified,wiki-00430-1;wiki-00430-2;wiki-00430-3,Trích tự động từ Wikipedia tiếng Việt (mode=table). Cần đối chiếu nghị quyết HĐND phường/xã.
00433,01,17,2026_07,,2026-07-01,unverified,wiki-00433-1;wiki-00433-2;wiki-00433-3,Trích tự động từ Wikipedia tiếng Việt (mode=table). Cần đối chiếu nghị quyết HĐND phường/xã.
00454,01,36,2026_07,,2026-07-01,unverified,wiki-00454-1;wiki-00454-2;wiki-00454-3,Trích tự động từ Wikipedia tiếng Việt (mode=table). Cần đối chiếu nghị quyết HĐND phường/xã.
00466,01,26,2026_07,,2026-07-01,unverified,wiki-00466-1;wiki-00466-2;wiki-00466-3,Trích tự động từ Wikipedia tiếng Việt (mode=table). Cần đối chiếu nghị quyết HĐND phường/xã.
00475,01,34,2026_07,,2026-07-01,unverified,wiki-00475-1;wiki-00475-2;wiki-00475-3,Trích tự động từ Wikipedia tiếng Việt (mode=table). Cần đối chiếu nghị quyết HĐND phường/xã.
00493,01,14,truoc_2026_07,,,unverified,wiki-00493-1;wiki-00493-2;wiki-00493-3,Trích tự động từ Wikipedia tiếng Việt (mode=table). Cần đối chiếu nghị quyết HĐND phường/xã. ⚠️ Danh mục có thể là hiện trạng TRƯỚC sắp xếp thôn/TDP 01/7/2026 — Wikipedia chưa cập nhật nghị quyết mới.
00508,01,11,truoc_2026_07,,,unverified,wiki-00508-1;wiki-00508-2;wiki-00508-3,Trích tự động từ Wikipedia tiếng Việt (mode=table). Cần đối chiếu nghị quyết HĐND phường/xã. ⚠️ Danh mục có thể là hiện trạng TRƯỚC sắp xếp thôn/TDP 01/7/2026 — Wikipedia chưa cập nhật nghị quyết mới.
00541,01,31,2026_07,,2026-07-01,unverified,wiki-00541-1;wiki-00541-2;wiki-00541-3,Trích tự động từ Wikipedia tiếng Việt (mode=table). Cần đối chiếu nghị quyết HĐND phường/xã.
00562,01,22,2026_07,,2026-07-01,unverified,wiki-00562-1;wiki-00562-2;wiki-00562-3,Trích tự động từ Wikipedia tiếng Việt (mode=table). Cần đối chiếu nghị quyết HĐND phường/xã.
00565,01,27,2026_07,,2026-07-01,unverified,wiki-00565-1;wiki-00565-2;wiki-00565-3,Trích tự động từ Wikipedia tiếng Việt (mode=table). Cần đối chiếu nghị quyết HĐND phường/xã.
00577,01,12,2026_07,,2026-07-01,unverified,wiki-00577-1;wiki-00577-2;wiki-00577-3,Trích tự động từ Wikipedia tiếng Việt (mode=table). Cần đối chiếu nghị quyết HĐND phường/xã.
00592,01,39,2026_07,Dự thảo Đề án sắp xếp tổ dân phố phường Từ Liêm (hội nghị 12/6/2026); chờ nghị quyết HĐND phường,2026-07-01,unverified,portal-00592,76 → 39 TDP. Danh sách theo dự thảo Đề án (12/6/2026); cần đối chiếu nghị quyết HĐND phường chính thức. TDP đánh số liên tục kèm tên khu vực cũ.
00598,01,0,2026_07,Nghị quyết số 26/NQ-HĐND ngày 25/6/2026 của HĐND phường Thượng Cát,2026-07-01,pending,portal-00598,6 tổ dân phố sau sắp xếp 01/7/2026 (đã có nghị quyết); CHƯA công bố danh sách tên. Từ 18 TDP.
00602,01,0,2026_07,"Nghị quyết HĐND phường Đông Ngạc về sắp xếp, tổ chức lại tổ dân phố (2026)",2026-07-01,pending,portal-00602,23 tổ dân phố sau sắp xếp 01/7/2026 (từ 54); CHƯA công bố danh sách tên.
00611,01,22,2026_07,Nghị quyết số 16/NQ-HĐND ngày 30/6/2026 của HĐND phường Xuân Đỉnh,2026-07-01,primary,portal-00611,22 tổ dân phố sau sắp xếp 01/7/2026.
00613,01,14,2026_07,,2026-07-01,unverified,wiki-00613-1;wiki-00613-2;wiki-00613-3,Trích tự động từ Wikipedia tiếng Việt (mode=table). Cần đối chiếu nghị quyết HĐND phường/xã.
00622,01,20,2026_07,,2026-07-01,unverified,wiki-00622-1;wiki-00622-2;wiki-00622-3,Trích tự động từ Wikipedia tiếng Việt (mode=table). Cần đối chiếu nghị quyết HĐND phường/xã.
00634,01,18,2026_07,,2026-07-01,unverified,wiki-00634-1;wiki-00634-2;wiki-00634-3,Trích tự động từ Wikipedia tiếng Việt (mode=table). Cần đối chiếu nghị quyết HĐND phường/xã.
00637,01,25,2026_07,,2026-07-01,unverified,wiki-00637-1;wiki-00637-2;wiki-00637-3,Trích tự động từ Wikipedia tiếng Việt (mode=table). Cần đối chiếu nghị quyết HĐND phường/xã.
00640,01,19,2026_07,,2026-07-01,unverified,wiki-00640-1;wiki-00640-2;wiki-00640-3,Trích tự động từ Wikipedia tiếng Việt (mode=table). Cần đối chiếu nghị quyết HĐND phường/xã.
00643,01,19,2026_07,,2026-07-01,unverified,wiki-00643-1;wiki-00643-2;wiki-00643-3,Trích tự động từ Wikipedia tiếng Việt (mode=table). Cần đối chiếu nghị quyết HĐND phường/xã.
00664,01,19,2026_07,,2026-07-01,unverified,wiki-00664-1;wiki-00664-2;wiki-00664-3,Trích tự động từ Wikipedia tiếng Việt (mode=table). Cần đối chiếu nghị quyết HĐND phường/xã.
00679,01,13,2026_07,,2026-07-01,unverified,wiki-00679-1;wiki-00679-2;wiki-00679-3,Trích tự động từ Wikipedia tiếng Việt (mode=table). Cần đối chiếu nghị quyết HĐND phường/xã.
00685,01,13,2026_07,,2026-07-01,unverified,wiki-00685-1;wiki-00685-2;wiki-00685-3,Trích tự động từ Wikipedia tiếng Việt (mode=table). Cần đối chiếu nghị quyết HĐND phường/xã.
04792,25,11,2026_07,,2026-07-01,unverified,wiki-04792-1;wiki-04792-2;wiki-04792-3,Trích tự động từ Wikipedia tiếng Việt (mode=numbered). Cần đối chiếu nghị quyết HĐND phường/xã.
04795,25,40,2026_07,,2026-07-01,unverified,wiki-04795-1;wiki-04795-2;wiki-04795-3,Trích tự động từ Wikipedia tiếng Việt (mode=numbered). Cần đối chiếu nghị quyết HĐND phường/xã.
04846,25,17,truoc_2026_07,,,unverified,wiki-04846-1;wiki-04846-2;wiki-04846-3,Trích tự động từ Wikipedia tiếng Việt (mode=narrative). Cần đối chiếu nghị quyết HĐND phường/xã. ⚠️ Danh mục có thể là hiện trạng TRƯỚC sắp xếp thôn/TDP 01/7/2026 — Wikipedia chưa cập nhật nghị quyết mới.
04849,25,19,truoc_2026_07,,,unverified,wiki-04849-1;wiki-04849-2;wiki-04849-3,Trích tự động từ Wikipedia tiếng Việt (mode=narrative). Cần đối chiếu nghị quyết HĐND phường/xã. ⚠️ Danh mục có thể là hiện trạng TRƯỚC sắp xếp thôn/TDP 01/7/2026 — Wikipedia chưa cập nhật nghị quyết mới.
04873,25,20,truoc_2026_07,,,unverified,wiki-04873-1;wiki-04873-2;wiki-04873-3,Trích tự động từ Wikipedia tiếng Việt (mode=narrative). Cần đối chiếu nghị quyết HĐND phường/xã. ⚠️ Danh mục có thể là hiện trạng TRƯỚC sắp xếp thôn/TDP 01/7/2026 — Wikipedia chưa cập nhật nghị quyết mới.
04876,25,17,truoc_2026_07,,,unverified,wiki-04876-1;wiki-04876-2;wiki-04876-3,Trích tự động từ Wikipedia tiếng Việt (mode=narrative). Cần đối chiếu nghị quyết HĐND phường/xã. ⚠️ Danh mục có thể là hiện trạng TRƯỚC sắp xếp thôn/TDP 01/7/2026 — Wikipedia chưa cập nhật nghị quyết mới.
04891,25,14,2026_07,,2026-07-01,unverified,wiki-04891-1;wiki-04891-2;wiki-04891-3,Trích tự động từ Wikipedia tiếng Việt (mode=narrative). Cần đối chiếu nghị quyết HĐND phường/xã.
04894,25,19,2026_07,,2026-07-01,unverified,wiki-04894-1;wiki-04894-2;wiki-04894-3,Trích tự động từ Wikipedia tiếng Việt (mode=narrative). Cần đối chiếu nghị quyết HĐND phường/xã.
04897,25,29,truoc_2026_07,,,unverified,wiki-04897-1;wiki-04897-2;wiki-04897-3,Trích tự động từ Wikipedia tiếng Việt (mode=narrative). Cần đối chiếu nghị quyết HĐND phường/xã. ⚠️ Danh mục có thể là hiện trạng TRƯỚC sắp xếp thôn/TDP 01/7/2026 — Wikipedia chưa cập nhật nghị quyết mới.
04924,25,8,truoc_2026_07,,,unverified,wiki-04924-1;wiki-04924-2;wiki-04924-3,Trích tự động từ Wikipedia tiếng Việt (mode=narrative). Cần đối chiếu nghị quyết HĐND phường/xã. ⚠️ Danh mục có thể là hiện trạng TRƯỚC sắp xếp thôn/TDP 01/7/2026 — Wikipedia chưa cập nhật nghị quyết mới.
04930,01,11,2026_07,,2026-07-01,unverified,wiki-04930-1;wiki-04930-2;wiki-04930-3,Trích tự động từ Wikipedia tiếng Việt (mode=table). Cần đối chiếu nghị quyết HĐND phường/xã.
04960,25,44,truoc_2026_07,,,unverified,wiki-04960-1;wiki-04960-2;wiki-04960-3,Trích tự động từ Wikipedia tiếng Việt (mode=narrative). Cần đối chiếu nghị quyết HĐND phường/xã. ⚠️ Danh mục có thể là hiện trạng TRƯỚC sắp xếp thôn/TDP 01/7/2026 — Wikipedia chưa cập nhật nghị quyết mới.
04990,25,19,2026_07,Nghị quyết số 22/NQ-HĐND HĐND cấp xã,2026-07-01,primary,portal-04990,Trích từ cổng TTĐT phường/xã (nghị quyết/thông báo HĐND cấp xã).
05014,25,34,truoc_2026_07,,,unverified,wiki-05014-1;wiki-05014-2;wiki-05014-3,Trích tự động từ Wikipedia tiếng Việt (mode=narrative). Cần đối chiếu nghị quyết HĐND phường/xã. ⚠️ Danh mục có thể là hiện trạng TRƯỚC sắp xếp thôn/TDP 01/7/2026 — Wikipedia chưa cập nhật nghị quyết mới.
05047,25,48,truoc_2026_07,,,unverified,wiki-05047-1;wiki-05047-2;wiki-05047-3,Trích tự động từ Wikipedia tiếng Việt (mode=narrative). Cần đối chiếu nghị quyết HĐND phường/xã. ⚠️ Danh mục có thể là hiện trạng TRƯỚC sắp xếp thôn/TDP 01/7/2026 — Wikipedia chưa cập nhật nghị quyết mới.
05068,25,23,truoc_2026_07,,,unverified,wiki-05068-1;wiki-05068-2;wiki-05068-3,Trích tự động từ Wikipedia tiếng Việt (mode=narrative). Cần đối chiếu nghị quyết HĐND phường/xã. ⚠️ Danh mục có thể là hiện trạng TRƯỚC sắp xếp thôn/TDP 01/7/2026 — Wikipedia chưa cập nhật nghị quyết mới.
05086,25,23,truoc_2026_07,,,unverified,wiki-05086-1;wiki-05086-2;wiki-05086-3,Trích tự động từ Wikipedia tiếng Việt (mode=narrative). Cần đối chiếu nghị quyết HĐND phường/xã. ⚠️ Danh mục có thể là hiện trạng TRƯỚC sắp xếp thôn/TDP 01/7/2026 — Wikipedia chưa cập nhật nghị quyết mới.
05089,25,20,2026_07,,2026-07-01,primary,danviet-05089,20 thôn sau sắp xếp 01/7/2026; trích từ toàn văn nghị quyết HĐND cấp xã đăng trên Báo Dân Việt.
05092,25,20,truoc_2026_07,,,unverified,wiki-05092-1;wiki-05092-2;wiki-05092-3,Trích tự động từ Wikipedia tiếng Việt (mode=narrative). Cần đối chiếu nghị quyết HĐND phường/xã. ⚠️ Danh mục có thể là hiện trạng TRƯỚC sắp xếp thôn/TDP 01/7/2026 — Wikipedia chưa cập nhật nghị quyết mới.
05116,25,37,truoc_2026_07,,,unverified,wiki-05116-1;wiki-05116-2;wiki-05116-3,Trích tự động từ Wikipedia tiếng Việt (mode=narrative). Cần đối chiếu nghị quyết HĐND phường/xã. ⚠️ Danh mục có thể là hiện trạng TRƯỚC sắp xếp thôn/TDP 01/7/2026 — Wikipedia chưa cập nhật nghị quyết mới.
05128,25,66,truoc_2026_07,,,unverified,wiki-05128-1;wiki-05128-2;wiki-05128-3,Trích tự động từ Wikipedia tiếng Việt (mode=narrative). Cần đối chiếu nghị quyết HĐND phường/xã. ⚠️ Danh mục có thể là hiện trạng TRƯỚC sắp xếp thôn/TDP 01/7/2026 — Wikipedia chưa cập nhật nghị quyết mới.
05134,25,15,truoc_2026_07,,,unverified,wiki-05134-1;wiki-05134-2;wiki-05134-3,Trích tự động từ Wikipedia tiếng Việt (mode=narrative). Cần đối chiếu nghị quyết HĐND phường/xã. ⚠️ Danh mục có thể là hiện trạng TRƯỚC sắp xếp thôn/TDP 01/7/2026 — Wikipedia chưa cập nhật nghị quyết mới.
05152,25,26,truoc_2026_07,,,unverified,wiki-05152-1;wiki-05152-2;wiki-05152-3,Trích tự động từ Wikipedia tiếng Việt (mode=narrative). Cần đối chiếu nghị quyết HĐND phường/xã. ⚠️ Danh mục có thể là hiện trạng TRƯỚC sắp xếp thôn/TDP 01/7/2026 — Wikipedia chưa cập nhật nghị quyết mới.
05158,25,29,truoc_2026_07,,,unverified,wiki-05158-1;wiki-05158-2;wiki-05158-3,Trích tự động từ Wikipedia tiếng Việt (mode=narrative). Cần đối chiếu nghị quyết HĐND phường/xã. ⚠️ Danh mục có thể là hiện trạng TRƯỚC sắp xếp thôn/TDP 01/7/2026 — Wikipedia chưa cập nhật nghị quyết mới.
05191,25,22,truoc_2026_07,,,unverified,wiki-05191-1;wiki-05191-2;wiki-05191-3,Trích tự động từ Wikipedia tiếng Việt (mode=narrative). Cần đối chiếu nghị quyết HĐND phường/xã. ⚠️ Danh mục có thể là hiện trạng TRƯỚC sắp xếp thôn/TDP 01/7/2026 — Wikipedia chưa cập nhật nghị quyết mới.
05206,25,21,truoc_2026_07,,,unverified,wiki-05206-1;wiki-05206-2;wiki-05206-3,Trích tự động từ Wikipedia tiếng Việt (mode=narrative). Cần đối chiếu nghị quyết HĐND phường/xã. ⚠️ Danh mục có thể là hiện trạng TRƯỚC sắp xếp thôn/TDP 01/7/2026 — Wikipedia chưa cập nhật nghị quyết mới.
05212,25,18,truoc_2026_07,,,unverified,wiki-05212-1;wiki-05212-2;wiki-05212-3,Trích tự động từ Wikipedia tiếng Việt (mode=narrative). Cần đối chiếu nghị quyết HĐND phường/xã. ⚠️ Danh mục có thể là hiện trạng TRƯỚC sắp xếp thôn/TDP 01/7/2026 — Wikipedia chưa cập nhật nghị quyết mới.
05245,25,24,truoc_2026_07,,,unverified,wiki-05245-1;wiki-05245-2;wiki-05245-3,Trích tự động từ Wikipedia tiếng Việt (mode=narrative). Cần đối chiếu nghị quyết HĐND phường/xã. ⚠️ Danh mục có thể là hiện trạng TRƯỚC sắp xếp thôn/TDP 01/7/2026 — Wikipedia chưa cập nhật nghị quyết mới.
05251,25,16,truoc_2026_07,,,unverified,wiki-05251-1;wiki-05251-2;wiki-05251-3,Trích tự động từ Wikipedia tiếng Việt (mode=narrative). Cần đối chiếu nghị quyết HĐND phường/xã. ⚠️ Danh mục có thể là hiện trạng TRƯỚC sắp xếp thôn/TDP 01/7/2026 — Wikipedia chưa cập nhật nghị quyết mới.
05287,25,34,truoc_2026_07,,,unverified,wiki-05287-1;wiki-05287-2;wiki-05287-3,Trích tự động từ Wikipedia tiếng Việt (mode=narrative). Cần đối chiếu nghị quyết HĐND phường/xã. ⚠️ Danh mục có thể là hiện trạng TRƯỚC sắp xếp thôn/TDP 01/7/2026 — Wikipedia chưa cập nhật nghị quyết mới.
05293,25,28,truoc_2026_07,,,unverified,wiki-05293-1;wiki-05293-2;wiki-05293-3,Trích tự động từ Wikipedia tiếng Việt (mode=narrative). Cần đối chiếu nghị quyết HĐND phường/xã. ⚠️ Danh mục có thể là hiện trạng TRƯỚC sắp xếp thôn/TDP 01/7/2026 — Wikipedia chưa cập nhật nghị quyết mới.
05305,25,27,truoc_2026_07,,,unverified,wiki-05305-1;wiki-05305-2;wiki-05305-3,Trích tự động từ Wikipedia tiếng Việt (mode=narrative!old). Cần đối chiếu nghị quyết HĐND phường/xã. ⚠️ Danh mục có thể là hiện trạng TRƯỚC sắp xếp thôn/TDP 01/7/2026 — Wikipedia chưa cập nhật nghị quyết mới.
05323,25,38,truoc_2026_07,,,unverified,wiki-05323-1;wiki-05323-2;wiki-05323-3,Trích tự động từ Wikipedia tiếng Việt (mode=narrative). Cần đối chiếu nghị quyết HĐND phường/xã. ⚠️ Danh mục có thể là hiện trạng TRƯỚC sắp xếp thôn/TDP 01/7/2026 — Wikipedia chưa cập nhật nghị quyết mới.
05353,25,10,truoc_2026_07,,,unverified,wiki-05353-1;wiki-05353-2;wiki-05353-3,Trích tự động từ Wikipedia tiếng Việt (mode=narrative). Cần đối chiếu nghị quyết HĐND phường/xã. ⚠️ Danh mục có thể là hiện trạng TRƯỚC sắp xếp thôn/TDP 01/7/2026 — Wikipedia chưa cập nhật nghị quyết mới.
05362,25,35,truoc_2026_07,,,unverified,wiki-05362-1;wiki-05362-2;wiki-05362-3,Trích tự động từ Wikipedia tiếng Việt (mode=narrative!old). Cần đối chiếu nghị quyết HĐND phường/xã. ⚠️ Danh mục có thể là hiện trạng TRƯỚC sắp xếp thôn/TDP 01/7/2026 — Wikipedia chưa cập nhật nghị quyết mới.
05386,25,21,truoc_2026_07,,,unverified,wiki-05386-1;wiki-05386-2;wiki-05386-3,Trích tự động từ Wikipedia tiếng Việt (mode=narrative). Cần đối chiếu nghị quyết HĐND phường/xã. ⚠️ Danh mục có thể là hiện trạng TRƯỚC sắp xếp thôn/TDP 01/7/2026 — Wikipedia chưa cập nhật nghị quyết mới.
05392,25,30,truoc_2026_07,,,unverified,wiki-05392-1;wiki-05392-2;wiki-05392-3,Trích tự động từ Wikipedia tiếng Việt (mode=narrative). Cần đối chiếu nghị quyết HĐND phường/xã. ⚠️ Danh mục có thể là hiện trạng TRƯỚC sắp xếp thôn/TDP 01/7/2026 — Wikipedia chưa cập nhật nghị quyết mới.
05395,25,35,truoc_2026_07,,,unverified,wiki-05395-1;wiki-05395-2;wiki-05395-3,Trích tự động từ Wikipedia tiếng Việt (mode=narrative). Cần đối chiếu nghị quyết HĐND phường/xã. ⚠️ Danh mục có thể là hiện trạng TRƯỚC sắp xếp thôn/TDP 01/7/2026 — Wikipedia chưa cập nhật nghị quyết mới.
05425,25,37,truoc_2026_07,,,unverified,wiki-05425-1;wiki-05425-2;wiki-05425-3,Trích tự động từ Wikipedia tiếng Việt (mode=narrative). Cần đối chiếu nghị quyết HĐND phường/xã. ⚠️ Danh mục có thể là hiện trạng TRƯỚC sắp xếp thôn/TDP 01/7/2026 — Wikipedia chưa cập nhật nghị quyết mới.
07894,25,22,2026_07,,2026-07-01,unverified,wiki-07894-1;wiki-07894-2;wiki-07894-3,Trích tự động từ Wikipedia tiếng Việt (mode=narrative). Cần đối chiếu nghị quyết HĐND phường/xã.
07900,25,29,2026_07,,2026-07-01,unverified,wiki-07900-1;wiki-07900-2;wiki-07900-3,Trích tự động từ Wikipedia tiếng Việt (mode=narrative). Cần đối chiếu nghị quyết HĐND phường/xã.
07909,25,39,2026_07,,2026-07-01,unverified,wiki-07909-1;wiki-07909-2;wiki-07909-3,Trích tự động từ Wikipedia tiếng Việt (mode=narrative). Cần đối chiếu nghị quyết HĐND phường/xã.
07918,25,22,2026_07,,2026-07-01,unverified,wiki-07918-1;wiki-07918-2;wiki-07918-3,Trích tự động từ Wikipedia tiếng Việt (mode=narrative). Cần đối chiếu nghị quyết HĐND phường/xã.
07942,25,9,2026_07,,2026-07-01,unverified,wiki-07942-1;wiki-07942-2;wiki-07942-3,Trích tự động từ Wikipedia tiếng Việt (mode=narrative). Cần đối chiếu nghị quyết HĐND phường/xã.
07948,25,13,truoc_2026_07,,,unverified,wiki-07948-1;wiki-07948-2;wiki-07948-3,Trích tự động từ Wikipedia tiếng Việt (mode=narrative). Cần đối chiếu nghị quyết HĐND phường/xã. ⚠️ Danh mục có thể là hiện trạng TRƯỚC sắp xếp thôn/TDP 01/7/2026 — Wikipedia chưa cập nhật nghị quyết mới.
07954,25,10,2026_07,,2026-07-01,unverified,wiki-07954-1;wiki-07954-2;wiki-07954-3,Trích tự động từ Wikipedia tiếng Việt (mode=narrative). Cần đối chiếu nghị quyết HĐND phường/xã.
07969,25,28,truoc_2026_07,,,unverified,wiki-07969-1;wiki-07969-2;wiki-07969-3,Trích tự động từ Wikipedia tiếng Việt (mode=narrative!old). Cần đối chiếu nghị quyết HĐND phường/xã. ⚠️ Danh mục có thể là hiện trạng TRƯỚC sắp xếp thôn/TDP 01/7/2026 — Wikipedia chưa cập nhật nghị quyết mới.
07996,25,15,truoc_2026_07,,,unverified,wiki-07996-1;wiki-07996-2;wiki-07996-3,Trích tự động từ Wikipedia tiếng Việt (mode=narrative). Cần đối chiếu nghị quyết HĐND phường/xã. ⚠️ Danh mục có thể là hiện trạng TRƯỚC sắp xếp thôn/TDP 01/7/2026 — Wikipedia chưa cập nhật nghị quyết mới.
07999,25,39,truoc_2026_07,,,unverified,wiki-07999-1;wiki-07999-2;wiki-07999-3,Trích tự động từ Wikipedia tiếng Việt (mode=narrative). Cần đối chiếu nghị quyết HĐND phường/xã. ⚠️ Danh mục có thể là hiện trạng TRƯỚC sắp xếp thôn/TDP 01/7/2026 — Wikipedia chưa cập nhật nghị quyết mới.
08023,25,29,truoc_2026_07,,,unverified,wiki-08023-1;wiki-08023-2;wiki-08023-3,Trích tự động từ Wikipedia tiếng Việt (mode=narrative). Cần đối chiếu nghị quyết HĐND phường/xã. ⚠️ Danh mục có thể là hiện trạng TRƯỚC sắp xếp thôn/TDP 01/7/2026 — Wikipedia chưa cập nhật nghị quyết mới.
08038,25,67,truoc_2026_07,,,unverified,wiki-08038-1;wiki-08038-2;wiki-08038-3,Trích tự động từ Wikipedia tiếng Việt (mode=narrative). Cần đối chiếu nghị quyết HĐND phường/xã. ⚠️ Danh mục có thể là hiện trạng TRƯỚC sắp xếp thôn/TDP 01/7/2026 — Wikipedia chưa cập nhật nghị quyết mới.
08053,25,28,truoc_2026_07,,,unverified,wiki-08053-1;wiki-08053-2;wiki-08053-3,Trích tự động từ Wikipedia tiếng Việt (mode=narrative). Cần đối chiếu nghị quyết HĐND phường/xã. ⚠️ Danh mục có thể là hiện trạng TRƯỚC sắp xếp thôn/TDP 01/7/2026 — Wikipedia chưa cập nhật nghị quyết mới.
08071,25,17,truoc_2026_07,,,unverified,wiki-08071-1;wiki-08071-2;wiki-08071-3,Trích tự động từ Wikipedia tiếng Việt (mode=narrative). Cần đối chiếu nghị quyết HĐND phường/xã. ⚠️ Danh mục có thể là hiện trạng TRƯỚC sắp xếp thôn/TDP 01/7/2026 — Wikipedia chưa cập nhật nghị quyết mới.
08110,25,20,truoc_2026_07,,,unverified,wiki-08110-1;wiki-08110-2;wiki-08110-3,Trích tự động từ Wikipedia tiếng Việt (mode=narrative). Cần đối chiếu nghị quyết HĐND phường/xã. ⚠️ Danh mục có thể là hiện trạng TRƯỚC sắp xếp thôn/TDP 01/7/2026 — Wikipedia chưa cập nhật nghị quyết mới.
08113,25,27,truoc_2026_07,,,unverified,wiki-08113-1;wiki-08113-2;wiki-08113-3,Trích tự động từ Wikipedia tiếng Việt (mode=narrative). Cần đối chiếu nghị quyết HĐND phường/xã. ⚠️ Danh mục có thể là hiện trạng TRƯỚC sắp xếp thôn/TDP 01/7/2026 — Wikipedia chưa cập nhật nghị quyết mới.
08134,25,13,truoc_2026_07,,,unverified,wiki-08134-1;wiki-08134-2;wiki-08134-3,Trích tự động từ Wikipedia tiếng Việt (mode=narrative). Cần đối chiếu nghị quyết HĐND phường/xã. ⚠️ Danh mục có thể là hiện trạng TRƯỚC sắp xếp thôn/TDP 01/7/2026 — Wikipedia chưa cập nhật nghị quyết mới.
08143,25,2,truoc_2026_07,,,unverified,wiki-08143-1;wiki-08143-2;wiki-08143-3,Trích tự động từ Wikipedia tiếng Việt (mode=narrative). Cần đối chiếu nghị quyết HĐND phường/xã. ⚠️ Danh mục có thể là hiện trạng TRƯỚC sắp xếp thôn/TDP 01/7/2026 — Wikipedia chưa cập nhật nghị quyết mới.
08152,25,49,truoc_2026_07,,,unverified,wiki-08152-1;wiki-08152-2;wiki-08152-3,Trích tự động từ Wikipedia tiếng Việt (mode=narrative). Cần đối chiếu nghị quyết HĐND phường/xã. ⚠️ Danh mục có thể là hiện trạng TRƯỚC sắp xếp thôn/TDP 01/7/2026 — Wikipedia chưa cập nhật nghị quyết mới.
08173,25,31,truoc_2026_07,,,unverified,wiki-08173-1;wiki-08173-2;wiki-08173-3,Trích tự động từ Wikipedia tiếng Việt (mode=narrative). Cần đối chiếu nghị quyết HĐND phường/xã. ⚠️ Danh mục có thể là hiện trạng TRƯỚC sắp xếp thôn/TDP 01/7/2026 — Wikipedia chưa cập nhật nghị quyết mới.
08203,25,42,truoc_2026_07,,,unverified,wiki-08203-1;wiki-08203-2;wiki-08203-3,Trích tự động từ Wikipedia tiếng Việt (mode=narrative). Cần đối chiếu nghị quyết HĐND phường/xã. ⚠️ Danh mục có thể là hiện trạng TRƯỚC sắp xếp thôn/TDP 01/7/2026 — Wikipedia chưa cập nhật nghị quyết mới.
08209,25,40,truoc_2026_07,,,unverified,wiki-08209-1;wiki-08209-2;wiki-08209-3,Trích tự động từ Wikipedia tiếng Việt (mode=narrative). Cần đối chiếu nghị quyết HĐND phường/xã. ⚠️ Danh mục có thể là hiện trạng TRƯỚC sắp xếp thôn/TDP 01/7/2026 — Wikipedia chưa cập nhật nghị quyết mới.
08218,25,24,truoc_2026_07,,,unverified,wiki-08218-1;wiki-08218-2;wiki-08218-3,Trích tự động từ Wikipedia tiếng Việt (mode=narrative). Cần đối chiếu nghị quyết HĐND phường/xã. ⚠️ Danh mục có thể là hiện trạng TRƯỚC sắp xếp thôn/TDP 01/7/2026 — Wikipedia chưa cập nhật nghị quyết mới.
08227,25,18,truoc_2026_07,,,unverified,wiki-08227-1;wiki-08227-2;wiki-08227-3,Trích tự động từ Wikipedia tiếng Việt (mode=narrative). Cần đối chiếu nghị quyết HĐND phường/xã. ⚠️ Danh mục có thể là hiện trạng TRƯỚC sắp xếp thôn/TDP 01/7/2026 — Wikipedia chưa cập nhật nghị quyết mới.
08230,25,12,truoc_2026_07,,,unverified,wiki-08230-1;wiki-08230-2;wiki-08230-3,Trích tự động từ Wikipedia tiếng Việt (mode=narrative!old). Cần đối chiếu nghị quyết HĐND phường/xã. ⚠️ Danh mục có thể là hiện trạng TRƯỚC sắp xếp thôn/TDP 01/7/2026 — Wikipedia chưa cập nhật nghị quyết mới.
08236,25,12,2026_07,,2026-07-01,partial,portal-08236,12 thôn sau sắp xếp 01/7/2026.
08245,25,16,truoc_2026_07,,,unverified,wiki-08245-1;wiki-08245-2;wiki-08245-3,Trích tự động từ Wikipedia tiếng Việt (mode=narrative). Cần đối chiếu nghị quyết HĐND phường/xã. ⚠️ Danh mục có thể là hiện trạng TRƯỚC sắp xếp thôn/TDP 01/7/2026 — Wikipedia chưa cập nhật nghị quyết mới.
08254,25,13,truoc_2026_07,,,unverified,wiki-08254-1;wiki-08254-2;wiki-08254-3,Trích tự động từ Wikipedia tiếng Việt (mode=narrative). Cần đối chiếu nghị quyết HĐND phường/xã. ⚠️ Danh mục có thể là hiện trạng TRƯỚC sắp xếp thôn/TDP 01/7/2026 — Wikipedia chưa cập nhật nghị quyết mới.
08275,25,13,truoc_2026_07,,,unverified,wiki-08275-1;wiki-08275-2;wiki-08275-3,Trích tự động từ Wikipedia tiếng Việt (mode=narrative). Cần đối chiếu nghị quyết HĐND phường/xã. ⚠️ Danh mục có thể là hiện trạng TRƯỚC sắp xếp thôn/TDP 01/7/2026 — Wikipedia chưa cập nhật nghị quyết mới.
08290,25,40,truoc_2026_07,,,unverified,wiki-08290-1;wiki-08290-2;wiki-08290-3,Trích tự động từ Wikipedia tiếng Việt (mode=narrative!old). Cần đối chiếu nghị quyết HĐND phường/xã. ⚠️ Danh mục có thể là hiện trạng TRƯỚC sắp xếp thôn/TDP 01/7/2026 — Wikipedia chưa cập nhật nghị quyết mới.
08296,25,34,truoc_2026_07,,,unverified,wiki-08296-1;wiki-08296-2;wiki-08296-3,Trích tự động từ Wikipedia tiếng Việt (mode=narrative). Cần đối chiếu nghị quyết HĐND phường/xã. ⚠️ Danh mục có thể là hiện trạng TRƯỚC sắp xếp thôn/TDP 01/7/2026 — Wikipedia chưa cập nhật nghị quyết mới.
08305,25,18,truoc_2026_07,,,unverified,wiki-08305-1;wiki-08305-2;wiki-08305-3,Trích tự động từ Wikipedia tiếng Việt (mode=narrative). Cần đối chiếu nghị quyết HĐND phường/xã. ⚠️ Danh mục có thể là hiện trạng TRƯỚC sắp xếp thôn/TDP 01/7/2026 — Wikipedia chưa cập nhật nghị quyết mới.
08311,25,15,truoc_2026_07,,,unverified,wiki-08311-1;wiki-08311-2;wiki-08311-3,Trích tự động từ Wikipedia tiếng Việt (mode=narrative). Cần đối chiếu nghị quyết HĐND phường/xã. ⚠️ Danh mục có thể là hiện trạng TRƯỚC sắp xếp thôn/TDP 01/7/2026 — Wikipedia chưa cập nhật nghị quyết mới.
08323,25,28,truoc_2026_07,,,unverified,wiki-08323-1;wiki-08323-2;wiki-08323-3,Trích tự động từ Wikipedia tiếng Việt (mode=narrative!old). Cần đối chiếu nghị quyết HĐND phường/xã. ⚠️ Danh mục có thể là hiện trạng TRƯỚC sắp xếp thôn/TDP 01/7/2026 — Wikipedia chưa cập nhật nghị quyết mới.
08338,25,20,truoc_2026_07,,,unverified,wiki-08338-1;wiki-08338-2;wiki-08338-3,Trích tự động từ Wikipedia tiếng Việt (mode=narrative). Cần đối chiếu nghị quyết HĐND phường/xã. ⚠️ Danh mục có thể là hiện trạng TRƯỚC sắp xếp thôn/TDP 01/7/2026 — Wikipedia chưa cập nhật nghị quyết mới.
08341,25,3,truoc_2026_07,,,unverified,wiki-08341-1;wiki-08341-2;wiki-08341-3,Trích tự động từ Wikipedia tiếng Việt (mode=narrative). Cần đối chiếu nghị quyết HĐND phường/xã. ⚠️ Danh mục có thể là hiện trạng TRƯỚC sắp xếp thôn/TDP 01/7/2026 — Wikipedia chưa cập nhật nghị quyết mới.
08344,25,51,truoc_2026_07,,,unverified,wiki-08344-1;wiki-08344-2;wiki-08344-3,Trích tự động từ Wikipedia tiếng Việt (mode=narrative!old). Cần đối chiếu nghị quyết HĐND phường/xã. ⚠️ Danh mục có thể là hiện trạng TRƯỚC sắp xếp thôn/TDP 01/7/2026 — Wikipedia chưa cập nhật nghị quyết mới.
08377,25,27,truoc_2026_07,,,unverified,wiki-08377-1;wiki-08377-2;wiki-08377-3,Trích tự động từ Wikipedia tiếng Việt (mode=narrative). Cần đối chiếu nghị quyết HĐND phường/xã. ⚠️ Danh mục có thể là hiện trạng TRƯỚC sắp xếp thôn/TDP 01/7/2026 — Wikipedia chưa cập nhật nghị quyết mới.
08398,25,34,truoc_2026_07,,,unverified,wiki-08398-1;wiki-08398-2;wiki-08398-3,Trích tự động từ Wikipedia tiếng Việt (mode=narrative). Cần đối chiếu nghị quyết HĐND phường/xã. ⚠️ Danh mục có thể là hiện trạng TRƯỚC sắp xếp thôn/TDP 01/7/2026 — Wikipedia chưa cập nhật nghị quyết mới.
08416,25,5,truoc_2026_07,,,unverified,wiki-08416-1;wiki-08416-2;wiki-08416-3,Trích tự động từ Wikipedia tiếng Việt (mode=narrative). Cần đối chiếu nghị quyết HĐND phường/xã. ⚠️ Danh mục có thể là hiện trạng TRƯỚC sắp xếp thôn/TDP 01/7/2026 — Wikipedia chưa cập nhật nghị quyết mới.
08431,25,32,truoc_2026_07,,,unverified,wiki-08431-1;wiki-08431-2;wiki-08431-3,Trích tự động từ Wikipedia tiếng Việt (mode=narrative!old). Cần đối chiếu nghị quyết HĐND phường/xã. ⚠️ Danh mục có thể là hiện trạng TRƯỚC sắp xếp thôn/TDP 01/7/2026 — Wikipedia chưa cập nhật nghị quyết mới.
08434,25,34,truoc_2026_07,,,unverified,wiki-08434-1;wiki-08434-2;wiki-08434-3,Trích tự động từ Wikipedia tiếng Việt (mode=narrative). Cần đối chiếu nghị quyết HĐND phường/xã. ⚠️ Danh mục có thể là hiện trạng TRƯỚC sắp xếp thôn/TDP 01/7/2026 — Wikipedia chưa cập nhật nghị quyết mới.
08443,25,22,truoc_2026_07,,,unverified,wiki-08443-1;wiki-08443-2;wiki-08443-3,Trích tự động từ Wikipedia tiếng Việt (mode=narrative). Cần đối chiếu nghị quyết HĐND phường/xã. ⚠️ Danh mục có thể là hiện trạng TRƯỚC sắp xếp thôn/TDP 01/7/2026 — Wikipedia chưa cập nhật nghị quyết mới.
08467,25,26,truoc_2026_07,,,unverified,wiki-08467-1;wiki-08467-2;wiki-08467-3,Trích tự động từ Wikipedia tiếng Việt (mode=narrative). Cần đối chiếu nghị quyết HĐND phường/xã. ⚠️ Danh mục có thể là hiện trạng TRƯỚC sắp xếp thôn/TDP 01/7/2026 — Wikipedia chưa cập nhật nghị quyết mới.
08479,25,12,truoc_2026_07,,,unverified,wiki-08479-1;wiki-08479-2;wiki-08479-3,Trích tự động từ Wikipedia tiếng Việt (mode=narrative). Cần đối chiếu nghị quyết HĐND phường/xã. ⚠️ Danh mục có thể là hiện trạng TRƯỚC sắp xếp thôn/TDP 01/7/2026 — Wikipedia chưa cập nhật nghị quyết mới.
08494,25,8,truoc_2026_07,,,unverified,wiki-08494-1;wiki-08494-2;wiki-08494-3,Trích tự động từ Wikipedia tiếng Việt (mode=narrative!old). Cần đối chiếu nghị quyết HĐND phường/xã. ⚠️ Danh mục có thể là hiện trạng TRƯỚC sắp xếp thôn/TDP 01/7/2026 — Wikipedia chưa cập nhật nghị quyết mới.
08500,25,20,truoc_2026_07,,,unverified,wiki-08500-1;wiki-08500-2;wiki-08500-3,Trích tự động từ Wikipedia tiếng Việt (mode=narrative). Cần đối chiếu nghị quyết HĐND phường/xã. ⚠️ Danh mục có thể là hiện trạng TRƯỚC sắp xếp thôn/TDP 01/7/2026 — Wikipedia chưa cập nhật nghị quyết mới.
08515,25,23,truoc_2026_07,,,unverified,wiki-08515-1;wiki-08515-2;wiki-08515-3,Trích tự động từ Wikipedia tiếng Việt (mode=narrative). Cần đối chiếu nghị quyết HĐND phường/xã. ⚠️ Danh mục có thể là hiện trạng TRƯỚC sắp xếp thôn/TDP 01/7/2026 — Wikipedia chưa cập nhật nghị quyết mới.
08521,25,9,truoc_2026_07,,,unverified,wiki-08521-1;wiki-08521-2;wiki-08521-3,Trích tự động từ Wikipedia tiếng Việt (mode=narrative!old). Cần đối chiếu nghị quyết HĐND phường/xã. ⚠️ Danh mục có thể là hiện trạng TRƯỚC sắp xếp thôn/TDP 01/7/2026 — Wikipedia chưa cập nhật nghị quyết mới.
08527,25,20,truoc_2026_07,,,unverified,wiki-08527-1;wiki-08527-2;wiki-08527-3,Trích tự động từ Wikipedia tiếng Việt (mode=narrative). Cần đối chiếu nghị quyết HĐND phường/xã. ⚠️ Danh mục có thể là hiện trạng TRƯỚC sắp xếp thôn/TDP 01/7/2026 — Wikipedia chưa cập nhật nghị quyết mới.
08545,25,17,truoc_2026_07,,,unverified,wiki-08545-1;wiki-08545-2;wiki-08545-3,Trích tự động từ Wikipedia tiếng Việt (mode=narrative). Cần đối chiếu nghị quyết HĐND phường/xã. ⚠️ Danh mục có thể là hiện trạng TRƯỚC sắp xếp thôn/TDP 01/7/2026 — Wikipedia chưa cập nhật nghị quyết mới.
08560,25,28,truoc_2026_07,,,unverified,wiki-08560-1;wiki-08560-2;wiki-08560-3,Trích tự động từ Wikipedia tiếng Việt (mode=narrative). Cần đối chiếu nghị quyết HĐND phường/xã. ⚠️ Danh mục có thể là hiện trạng TRƯỚC sắp xếp thôn/TDP 01/7/2026 — Wikipedia chưa cập nhật nghị quyết mới.
08566,25,25,truoc_2026_07,,,unverified,wiki-08566-1;wiki-08566-2;wiki-08566-3,Trích tự động từ Wikipedia tiếng Việt (mode=narrative). Cần đối chiếu nghị quyết HĐND phường/xã. ⚠️ Danh mục có thể là hiện trạng TRƯỚC sắp xếp thôn/TDP 01/7/2026 — Wikipedia chưa cập nhật nghị quyết mới.
08584,25,29,2026_07,Nghị quyết số 20/NQ-HĐND ngày 22/06/2026 HĐND cấp xã,2026-07-01,primary,portal-08584,Trích từ cổng TTĐT phường/xã (nghị quyết/thông báo HĐND cấp xã).
08590,25,26,truoc_2026_07,,,unverified,wiki-08590-1;wiki-08590-2;wiki-08590-3,Trích tự động từ Wikipedia tiếng Việt (mode=narrative). Cần đối chiếu nghị quyết HĐND phường/xã. ⚠️ Danh mục có thể là hiện trạng TRƯỚC sắp xếp thôn/TDP 01/7/2026 — Wikipedia chưa cập nhật nghị quyết mới.
08593,25,40,truoc_2026_07,,,unverified,wiki-08593-1;wiki-08593-2;wiki-08593-3,Trích tự động từ Wikipedia tiếng Việt (mode=narrative). Cần đối chiếu nghị quyết HĐND phường/xã. ⚠️ Danh mục có thể là hiện trạng TRƯỚC sắp xếp thôn/TDP 01/7/2026 — Wikipedia chưa cập nhật nghị quyết mới.
08611,25,31,truoc_2026_07,,,unverified,wiki-08611-1;wiki-08611-2;wiki-08611-3,Trích tự động từ Wikipedia tiếng Việt (mode=narrative). Cần đối chiếu nghị quyết HĐND phường/xã. ⚠️ Danh mục có thể là hiện trạng TRƯỚC sắp xếp thôn/TDP 01/7/2026 — Wikipedia chưa cập nhật nghị quyết mới.
08614,25,16,truoc_2026_07,,,unverified,wiki-08614-1;wiki-08614-2;wiki-08614-3,Trích tự động từ Wikipedia tiếng Việt (mode=narrative). Cần đối chiếu nghị quyết HĐND phường/xã. ⚠️ Danh mục có thể là hiện trạng TRƯỚC sắp xếp thôn/TDP 01/7/2026 — Wikipedia chưa cập nhật nghị quyết mới.
08620,25,20,truoc_2026_07,,,unverified,wiki-08620-1;wiki-08620-2;wiki-08620-3,Trích tự động từ Wikipedia tiếng Việt (mode=narrative). Cần đối chiếu nghị quyết HĐND phường/xã. ⚠️ Danh mục có thể là hiện trạng TRƯỚC sắp xếp thôn/TDP 01/7/2026 — Wikipedia chưa cập nhật nghị quyết mới.
08632,25,27,truoc_2026_07,,,unverified,wiki-08632-1;wiki-08632-2;wiki-08632-3,Trích tự động từ Wikipedia tiếng Việt (mode=narrative). Cần đối chiếu nghị quyết HĐND phường/xã. ⚠️ Danh mục có thể là hiện trạng TRƯỚC sắp xếp thôn/TDP 01/7/2026 — Wikipedia chưa cập nhật nghị quyết mới.
08635,25,35,truoc_2026_07,,,unverified,wiki-08635-1;wiki-08635-2;wiki-08635-3,Trích tự động từ Wikipedia tiếng Việt (mode=narrative). Cần đối chiếu nghị quyết HĐND phường/xã. ⚠️ Danh mục có thể là hiện trạng TRƯỚC sắp xếp thôn/TDP 01/7/2026 — Wikipedia chưa cập nhật nghị quyết mới.
08656,25,29,truoc_2026_07,,,unverified,wiki-08656-1;wiki-08656-2;wiki-08656-3,Trích tự động từ Wikipedia tiếng Việt (mode=narrative). Cần đối chiếu nghị quyết HĐND phường/xã. ⚠️ Danh mục có thể là hiện trạng TRƯỚC sắp xếp thôn/TDP 01/7/2026 — Wikipedia chưa cập nhật nghị quyết mới.
08662,25,22,truoc_2026_07,,,unverified,wiki-08662-1;wiki-08662-2;wiki-08662-3,Trích tự động từ Wikipedia tiếng Việt (mode=narrative). Cần đối chiếu nghị quyết HĐND phường/xã. ⚠️ Danh mục có thể là hiện trạng TRƯỚC sắp xếp thôn/TDP 01/7/2026 — Wikipedia chưa cập nhật nghị quyết mới.
08674,25,1,truoc_2026_07,,,unverified,wiki-08674-1;wiki-08674-2;wiki-08674-3,Trích tự động từ Wikipedia tiếng Việt (mode=narrative!old). Cần đối chiếu nghị quyết HĐND phường/xã. ⚠️ Danh mục có thể là hiện trạng TRƯỚC sắp xếp thôn/TDP 01/7/2026 — Wikipedia chưa cập nhật nghị quyết mới.
08686,25,57,truoc_2026_07,,,unverified,wiki-08686-1;wiki-08686-2;wiki-08686-3,Trích tự động từ Wikipedia tiếng Việt (mode=narrative). Cần đối chiếu nghị quyết HĐND phường/xã. ⚠️ Danh mục có thể là hiện trạng TRƯỚC sắp xếp thôn/TDP 01/7/2026 — Wikipedia chưa cập nhật nghị quyết mới.
08707,25,34,2026_07,,2026-07-01,unverified,wiki-08707-1;wiki-08707-2;wiki-08707-3,Trích tự động từ Wikipedia tiếng Việt (mode=narrative). Cần đối chiếu nghị quyết HĐND phường/xã.
08716,25,41,2026_07,,2026-07-01,unverified,wiki-08716-1;wiki-08716-2;wiki-08716-3,Trích tự động từ Wikipedia tiếng Việt (mode=narrative). Cần đối chiếu nghị quyết HĐND phường/xã.
08740,25,25,2026_07,,2026-07-01,unverified,wiki-08740-1;wiki-08740-2;wiki-08740-3,Trích tự động từ Wikipedia tiếng Việt (mode=narrative). Cần đối chiếu nghị quyết HĐND phường/xã.
08746,25,23,2026_07,,2026-07-01,unverified,wiki-08746-1;wiki-08746-2;wiki-08746-3,Trích tự động từ Wikipedia tiếng Việt (mode=narrative). Cần đối chiếu nghị quyết HĐND phường/xã.
08761,25,45,truoc_2026_07,,,unverified,wiki-08761-1;wiki-08761-2;wiki-08761-3,Trích tự động từ Wikipedia tiếng Việt (mode=narrative). Cần đối chiếu nghị quyết HĐND phường/xã. ⚠️ Danh mục có thể là hiện trạng TRƯỚC sắp xếp thôn/TDP 01/7/2026 — Wikipedia chưa cập nhật nghị quyết mới.
08770,25,28,truoc_2026_07,,,unverified,wiki-08770-1;wiki-08770-2;wiki-08770-3,Trích tự động từ Wikipedia tiếng Việt (mode=narrative). Cần đối chiếu nghị quyết HĐND phường/xã. ⚠️ Danh mục có thể là hiện trạng TRƯỚC sắp xếp thôn/TDP 01/7/2026 — Wikipedia chưa cập nhật nghị quyết mới.
08773,25,21,truoc_2026_07,,,unverified,wiki-08773-1;wiki-08773-2;wiki-08773-3,Trích tự động từ Wikipedia tiếng Việt (mode=narrative). Cần đối chiếu nghị quyết HĐND phường/xã. ⚠️ Danh mục có thể là hiện trạng TRƯỚC sắp xếp thôn/TDP 01/7/2026 — Wikipedia chưa cập nhật nghị quyết mới.
08782,25,23,2026_07,Nghị quyết số 13/NQ-HĐND HĐND cấp xã,2026-07-01,primary,portal-08782,Trích từ cổng TTĐT phường/xã (nghị quyết/thông báo HĐND cấp xã).
08788,25,29,truoc_2026_07,,,unverified,wiki-08788-1;wiki-08788-2;wiki-08788-3,Trích tự động từ Wikipedia tiếng Việt (mode=narrative). Cần đối chiếu nghị quyết HĐND phường/xã. ⚠️ Danh mục có thể là hiện trạng TRƯỚC sắp xếp thôn/TDP 01/7/2026 — Wikipedia chưa cập nhật nghị quyết mới.
08812,25,21,truoc_2026_07,,,unverified,wiki-08812-1;wiki-08812-2;wiki-08812-3,Trích tự động từ Wikipedia tiếng Việt (mode=narrative). Cần đối chiếu nghị quyết HĐND phường/xã. ⚠️ Danh mục có thể là hiện trạng TRƯỚC sắp xếp thôn/TDP 01/7/2026 — Wikipedia chưa cập nhật nghị quyết mới.
08824,25,29,truoc_2026_07,,,unverified,wiki-08824-1;wiki-08824-2;wiki-08824-3,Trích tự động từ Wikipedia tiếng Việt (mode=narrative!old). Cần đối chiếu nghị quyết HĐND phường/xã. ⚠️ Danh mục có thể là hiện trạng TRƯỚC sắp xếp thôn/TDP 01/7/2026 — Wikipedia chưa cập nhật nghị quyết mới.
08842,25,35,truoc_2026_07,,,unverified,wiki-08842-1;wiki-08842-2;wiki-08842-3,Trích tự động từ Wikipedia tiếng Việt (mode=narrative). Cần đối chiếu nghị quyết HĐND phường/xã. ⚠️ Danh mục có thể là hiện trạng TRƯỚC sắp xếp thôn/TDP 01/7/2026 — Wikipedia chưa cập nhật nghị quyết mới.
08848,25,35,truoc_2026_07,,,unverified,wiki-08848-1;wiki-08848-2;wiki-08848-3,Trích tự động từ Wikipedia tiếng Việt (mode=narrative). Cần đối chiếu nghị quyết HĐND phường/xã. ⚠️ Danh mục có thể là hiện trạng TRƯỚC sắp xếp thôn/TDP 01/7/2026 — Wikipedia chưa cập nhật nghị quyết mới.
08866,25,42,truoc_2026_07,,,unverified,wiki-08866-1;wiki-08866-2;wiki-08866-3,Trích tự động từ Wikipedia tiếng Việt (mode=narrative). Cần đối chiếu nghị quyết HĐND phường/xã. ⚠️ Danh mục có thể là hiện trạng TRƯỚC sắp xếp thôn/TDP 01/7/2026 — Wikipedia chưa cập nhật nghị quyết mới.
08869,25,41,truoc_2026_07,,,unverified,wiki-08869-1;wiki-08869-2;wiki-08869-3,Trích tự động từ Wikipedia tiếng Việt (mode=narrative). Cần đối chiếu nghị quyết HĐND phường/xã. ⚠️ Danh mục có thể là hiện trạng TRƯỚC sắp xếp thôn/TDP 01/7/2026 — Wikipedia chưa cập nhật nghị quyết mới.
08872,25,26,truoc_2026_07,,,unverified,wiki-08872-1;wiki-08872-2;wiki-08872-3,Trích tự động từ Wikipedia tiếng Việt (mode=narrative). Cần đối chiếu nghị quyết HĐND phường/xã. ⚠️ Danh mục có thể là hiện trạng TRƯỚC sắp xếp thôn/TDP 01/7/2026 — Wikipedia chưa cập nhật nghị quyết mới.
08896,25,28,truoc_2026_07,,,unverified,wiki-08896-1;wiki-08896-2;wiki-08896-3,Trích tự động từ Wikipedia tiếng Việt (mode=narrative). Cần đối chiếu nghị quyết HĐND phường/xã. ⚠️ Danh mục có thể là hiện trạng TRƯỚC sắp xếp thôn/TDP 01/7/2026 — Wikipedia chưa cập nhật nghị quyết mới.
08905,25,27,truoc_2026_07,,,unverified,wiki-08905-1;wiki-08905-2;wiki-08905-3,Trích tự động từ Wikipedia tiếng Việt (mode=narrative). Cần đối chiếu nghị quyết HĐND phường/xã. ⚠️ Danh mục có thể là hiện trạng TRƯỚC sắp xếp thôn/TDP 01/7/2026 — Wikipedia chưa cập nhật nghị quyết mới.
08911,25,41,truoc_2026_07,,,unverified,wiki-08911-1;wiki-08911-2;wiki-08911-3,Trích tự động từ Wikipedia tiếng Việt (mode=narrative). Cần đối chiếu nghị quyết HĐND phường/xã. ⚠️ Danh mục có thể là hiện trạng TRƯỚC sắp xếp thôn/TDP 01/7/2026 — Wikipedia chưa cập nhật nghị quyết mới.
08914,25,21,truoc_2026_07,,,unverified,wiki-08914-1;wiki-08914-2;wiki-08914-3,Trích tự động từ Wikipedia tiếng Việt (mode=narrative). Cần đối chiếu nghị quyết HĐND phường/xã. ⚠️ Danh mục có thể là hiện trạng TRƯỚC sắp xếp thôn/TDP 01/7/2026 — Wikipedia chưa cập nhật nghị quyết mới.
08923,25,15,2026_07,,2026-07-01,unverified,wiki-08923-1;wiki-08923-2;wiki-08923-3,Trích tự động từ Wikipedia tiếng Việt (mode=narrative). Cần đối chiếu nghị quyết HĐND phường/xã.
08935,25,22,truoc_2026_07,,,unverified,wiki-08935-1;wiki-08935-2;wiki-08935-3,Trích tự động từ Wikipedia tiếng Việt (mode=narrative). Cần đối chiếu nghị quyết HĐND phường/xã. ⚠️ Danh mục có thể là hiện trạng TRƯỚC sắp xếp thôn/TDP 01/7/2026 — Wikipedia chưa cập nhật nghị quyết mới.
08944,25,14,2026_07,,2026-07-01,unverified,wiki-08944-1;wiki-08944-2;wiki-08944-3,Trích tự động từ Wikipedia tiếng Việt (mode=narrative). Cần đối chiếu nghị quyết HĐND phường/xã.
08950,25,32,truoc_2026_07,,,unverified,wiki-08950-1;wiki-08950-2;wiki-08950-3,Trích tự động từ Wikipedia tiếng Việt (mode=narrative). Cần đối chiếu nghị quyết HĐND phường/xã. ⚠️ Danh mục có thể là hiện trạng TRƯỚC sắp xếp thôn/TDP 01/7/2026 — Wikipedia chưa cập nhật nghị quyết mới.
08971,25,43,truoc_2026_07,,,unverified,wiki-08971-1;wiki-08971-2;wiki-08971-3,Trích tự động từ Wikipedia tiếng Việt (mode=narrative). Cần đối chiếu nghị quyết HĐND phường/xã. ⚠️ Danh mục có thể là hiện trạng TRƯỚC sắp xếp thôn/TDP 01/7/2026 — Wikipedia chưa cập nhật nghị quyết mới.
08974,01,18,2026_07,,2026-07-01,unverified,wiki-08974-1;wiki-08974-2;wiki-08974-3,Trích tự động từ Wikipedia tiếng Việt (mode=table). Cần đối chiếu nghị quyết HĐND phường/xã.
08980,01,17,2026_07,,2026-07-01,unverified,wiki-08980-1;wiki-08980-2;wiki-08980-3,Trích tự động từ Wikipedia tiếng Việt (mode=table). Cần đối chiếu nghị quyết HĐND phường/xã.
08995,01,16,2026_07,,2026-07-01,unverified,wiki-08995-1;wiki-08995-2;wiki-08995-3,Trích tự động từ Wikipedia tiếng Việt (mode=table). Cần đối chiếu nghị quyết HĐND phường/xã.
09022,01,18,2026_07,,2026-07-01,unverified,wiki-09022-1;wiki-09022-2;wiki-09022-3,Trích tự động từ Wikipedia tiếng Việt (mode=table). Cần đối chiếu nghị quyết HĐND phường/xã.
09025,25,25,truoc_2026_07,,,unverified,wiki-09025-1;wiki-09025-2;wiki-09025-3,Trích tự động từ Wikipedia tiếng Việt (mode=narrative). Cần đối chiếu nghị quyết HĐND phường/xã. ⚠️ Danh mục có thể là hiện trạng TRƯỚC sắp xếp thôn/TDP 01/7/2026 — Wikipedia chưa cập nhật nghị quyết mới.
09040,25,28,truoc_2026_07,,,unverified,wiki-09040-1;wiki-09040-2;wiki-09040-3,Trích tự động từ Wikipedia tiếng Việt (mode=narrative). Cần đối chiếu nghị quyết HĐND phường/xã. ⚠️ Danh mục có thể là hiện trạng TRƯỚC sắp xếp thôn/TDP 01/7/2026 — Wikipedia chưa cập nhật nghị quyết mới.
09043,25,20,truoc_2026_07,,,unverified,wiki-09043-1;wiki-09043-2;wiki-09043-3,Trích tự động từ Wikipedia tiếng Việt (mode=narrative). Cần đối chiếu nghị quyết HĐND phường/xã. ⚠️ Danh mục có thể là hiện trạng TRƯỚC sắp xếp thôn/TDP 01/7/2026 — Wikipedia chưa cập nhật nghị quyết mới.
09052,25,24,truoc_2026_07,,,unverified,wiki-09052-1;wiki-09052-2;wiki-09052-3,Trích tự động từ Wikipedia tiếng Việt (mode=narrative). Cần đối chiếu nghị quyết HĐND phường/xã. ⚠️ Danh mục có thể là hiện trạng TRƯỚC sắp xếp thôn/TDP 01/7/2026 — Wikipedia chưa cập nhật nghị quyết mới.
09064,25,29,truoc_2026_07,,,unverified,wiki-09064-1;wiki-09064-2;wiki-09064-3,Trích tự động từ Wikipedia tiếng Việt (mode=narrative). Cần đối chiếu nghị quyết HĐND phường/xã. ⚠️ Danh mục có thể là hiện trạng TRƯỚC sắp xếp thôn/TDP 01/7/2026 — Wikipedia chưa cập nhật nghị quyết mới.
09076,25,27,truoc_2026_07,,,unverified,wiki-09076-1;wiki-09076-2;wiki-09076-3,Trích tự động từ Wikipedia tiếng Việt (mode=narrative). Cần đối chiếu nghị quyết HĐND phường/xã. ⚠️ Danh mục có thể là hiện trạng TRƯỚC sắp xếp thôn/TDP 01/7/2026 — Wikipedia chưa cập nhật nghị quyết mới.
09079,25,16,truoc_2026_07,,,unverified,wiki-09079-1;wiki-09079-2;wiki-09079-3,Trích tự động từ Wikipedia tiếng Việt (mode=narrative!old). Cần đối chiếu nghị quyết HĐND phường/xã. ⚠️ Danh mục có thể là hiện trạng TRƯỚC sắp xếp thôn/TDP 01/7/2026 — Wikipedia chưa cập nhật nghị quyết mới.
09100,25,17,truoc_2026_07,,,unverified,wiki-09100-1;wiki-09100-2;wiki-09100-3,Trích tự động từ Wikipedia tiếng Việt (mode=narrative). Cần đối chiếu nghị quyết HĐND phường/xã. ⚠️ Danh mục có thể là hiện trạng TRƯỚC sắp xếp thôn/TDP 01/7/2026 — Wikipedia chưa cập nhật nghị quyết mới.
09106,25,22,truoc_2026_07,,,unverified,wiki-09106-1;wiki-09106-2;wiki-09106-3,Trích tự động từ Wikipedia tiếng Việt (mode=narrative). Cần đối chiếu nghị quyết HĐND phường/xã. ⚠️ Danh mục có thể là hiện trạng TRƯỚC sắp xếp thôn/TDP 01/7/2026 — Wikipedia chưa cập nhật nghị quyết mới.
09112,25,31,2026_07,,2026-07-01,unverified,wiki-09112-1;wiki-09112-2;wiki-09112-3,Trích tự động từ Wikipedia tiếng Việt (mode=narrative). Cần đối chiếu nghị quyết HĐND phường/xã.
09154,25,42,truoc_2026_07,,,unverified,wiki-09154-1;wiki-09154-2;wiki-09154-3,Trích tự động từ Wikipedia tiếng Việt (mode=narrative!old). Cần đối chiếu nghị quyết HĐND phường/xã. ⚠️ Danh mục có thể là hiện trạng TRƯỚC sắp xếp thôn/TDP 01/7/2026 — Wikipedia chưa cập nhật nghị quyết mới.
09552,01,27,2026_07,,2026-07-01,unverified,wiki-09552-1;wiki-09552-2;wiki-09552-3,Trích tự động từ Wikipedia tiếng Việt (mode=table). Cần đối chiếu nghị quyết HĐND phường/xã.
09556,01,65,2026_07,,2026-07-01,unverified,wiki-09556-1;wiki-09556-2;wiki-09556-3,Trích tự động từ Wikipedia tiếng Việt (mode=table). Cần đối chiếu nghị quyết HĐND phường/xã.
09562,01,15,2026_07,,2026-07-01,unverified,wiki-09562-1;wiki-09562-2;wiki-09562-3,Trích tự động từ Wikipedia tiếng Việt (mode=table). Cần đối chiếu nghị quyết HĐND phường/xã.
09568,01,17,2026_07,,2026-07-01,unverified,wiki-09568-1;wiki-09568-2;wiki-09568-3,Trích tự động từ Wikipedia tiếng Việt (mode=table). Cần đối chiếu nghị quyết HĐND phường/xã.
09574,01,25,2026_07,,2026-07-01,unverified,wiki-09574-1;wiki-09574-2;wiki-09574-3,Trích tự động từ Wikipedia tiếng Việt (mode=table). Cần đối chiếu nghị quyết HĐND phường/xã.
09604,01,12,2026_07,,2026-07-01,unverified,wiki-09604-1;wiki-09604-2;wiki-09604-3,Trích tự động từ Wikipedia tiếng Việt (mode=table). Cần đối chiếu nghị quyết HĐND phường/xã.
09616,01,11,2026_07,,2026-07-01,unverified,wiki-09616-1;wiki-09616-2;wiki-09616-3,Trích tự động từ Wikipedia tiếng Việt (mode=table). Cần đối chiếu nghị quyết HĐND phường/xã.
09619,01,15,2026_07,,2026-07-01,unverified,wiki-09619-1;wiki-09619-2;wiki-09619-3,Trích tự động từ Wikipedia tiếng Việt (mode=table). Cần đối chiếu nghị quyết HĐND phường/xã.
09634,01,15,2026_07,,2026-07-01,unverified,wiki-09634-1;wiki-09634-2;wiki-09634-3,Trích tự động từ Wikipedia tiếng Việt (mode=table). Cần đối chiếu nghị quyết HĐND phường/xã.
09661,01,2,truoc_2026_07,,,unverified,wiki-09661-1;wiki-09661-2;wiki-09661-3,Trích tự động từ Wikipedia tiếng Việt (mode=table). Cần đối chiếu nghị quyết HĐND phường/xã. ⚠️ Danh mục có thể là hiện trạng TRƯỚC sắp xếp thôn/TDP 01/7/2026 — Wikipedia chưa cập nhật nghị quyết mới.
09664,01,15,2026_07,,2026-07-01,unverified,wiki-09664-1;wiki-09664-2;wiki-09664-3,Trích tự động từ Wikipedia tiếng Việt (mode=table). Cần đối chiếu nghị quyết HĐND phường/xã.
09676,01,11,2026_07,,2026-07-01,unverified,wiki-09676-1;wiki-09676-2;wiki-09676-3,Trích tự động từ Wikipedia tiếng Việt (mode=table). Cần đối chiếu nghị quyết HĐND phường/xã.
09694,01,9,2026_07,,2026-07-01,unverified,wiki-09694-1;wiki-09694-2;wiki-09694-3,Trích tự động từ Wikipedia tiếng Việt (mode=table). Cần đối chiếu nghị quyết HĐND phường/xã.
09700,01,12,2026_07,,2026-07-01,unverified,wiki-09700-1;wiki-09700-2;wiki-09700-3,Trích tự động từ Wikipedia tiếng Việt (mode=table). Cần đối chiếu nghị quyết HĐND phường/xã.
09706,01,9,2026_07,,2026-07-01,unverified,wiki-09706-1;wiki-09706-2;wiki-09706-3,Trích tự động từ Wikipedia tiếng Việt (mode=table). Cần đối chiếu nghị quyết HĐND phường/xã.
09715,01,19,2026_07,,2026-07-01,unverified,wiki-09715-1;wiki-09715-2;wiki-09715-3,Trích tự động từ Wikipedia tiếng Việt (mode=table). Cần đối chiếu nghị quyết HĐND phường/xã.
09739,01,17,2026_07,,2026-07-01,unverified,wiki-09739-1;wiki-09739-2;wiki-09739-3,Trích tự động từ Wikipedia tiếng Việt (mode=table). Cần đối chiếu nghị quyết HĐND phường/xã.
09772,01,17,2026_07,,2026-07-01,unverified,wiki-09772-1;wiki-09772-2;wiki-09772-3,Trích tự động từ Wikipedia tiếng Việt (mode=table). Cần đối chiếu nghị quyết HĐND phường/xã.
09784,01,12,2026_07,,2026-07-01,unverified,wiki-09784-1;wiki-09784-2;wiki-09784-3,Trích tự động từ Wikipedia tiếng Việt (mode=table). Cần đối chiếu nghị quyết HĐND phường/xã.
09787,01,12,2026_07,,2026-07-01,unverified,wiki-09787-1;wiki-09787-2;wiki-09787-3,Trích tự động từ Wikipedia tiếng Việt (mode=table). Cần đối chiếu nghị quyết HĐND phường/xã.
09817,01,23,2026_07,,2026-07-01,unverified,wiki-09817-1;wiki-09817-2;wiki-09817-3,Trích tự động từ Wikipedia tiếng Việt (mode=table). Cần đối chiếu nghị quyết HĐND phường/xã.
09832,01,24,2026_07,,2026-07-01,unverified,wiki-09832-1;wiki-09832-2;wiki-09832-3,Trích tự động từ Wikipedia tiếng Việt (mode=table). Cần đối chiếu nghị quyết HĐND phường/xã.
09856,01,18,2026_07,,2026-07-01,unverified,wiki-09856-1;wiki-09856-2;wiki-09856-3,Trích tự động từ Wikipedia tiếng Việt (mode=table). Cần đối chiếu nghị quyết HĐND phường/xã.
09871,01,16,2026_07,,2026-07-01,unverified,wiki-09871-1;wiki-09871-2;wiki-09871-3,Trích tự động từ Wikipedia tiếng Việt (mode=table). Cần đối chiếu nghị quyết HĐND phường/xã.
09877,01,25,2026_07,,2026-07-01,unverified,wiki-09877-1;wiki-09877-2;wiki-09877-3,Trích tự động từ Wikipedia tiếng Việt (mode=table). Cần đối chiếu nghị quyết HĐND phường/xã.
09886,01,21,2026_07,,2026-07-01,unverified,wiki-09886-1;wiki-09886-2;wiki-09886-3,Trích tự động từ Wikipedia tiếng Việt (mode=table). Cần đối chiếu nghị quyết HĐND phường/xã.
09895,01,19,2026_07,,2026-07-01,unverified,wiki-09895-1;wiki-09895-2;wiki-09895-3,Trích tự động từ Wikipedia tiếng Việt (mode=table). Cần đối chiếu nghị quyết HĐND phường/xã.
09910,01,18,2026_07,,2026-07-01,unverified,wiki-09910-1;wiki-09910-2;wiki-09910-3,Trích tự động từ Wikipedia tiếng Việt (mode=table). Cần đối chiếu nghị quyết HĐND phường/xã.
09931,01,11,2026_07,,2026-07-01,unverified,wiki-09931-1;wiki-09931-2;wiki-09931-3,Trích tự động từ Wikipedia tiếng Việt (mode=table). Cần đối chiếu nghị quyết HĐND phường/xã.
09952,01,13,2026_07,,2026-07-01,unverified,wiki-09952-1;wiki-09952-2;wiki-09952-3,Trích tự động từ Wikipedia tiếng Việt (mode=table). Cần đối chiếu nghị quyết HĐND phường/xã.
09955,01,16,2026_07,,2026-07-01,unverified,wiki-09955-1;wiki-09955-2;wiki-09955-3,Trích tự động từ Wikipedia tiếng Việt (mode=table). Cần đối chiếu nghị quyết HĐND phường/xã.
09982,01,13,truoc_2026_07,,,unverified,wiki-09982-1;wiki-09982-2;wiki-09982-3,Trích tự động từ Wikipedia tiếng Việt (mode=table). Cần đối chiếu nghị quyết HĐND phường/xã. ⚠️ Danh mục có thể là hiện trạng TRƯỚC sắp xếp thôn/TDP 01/7/2026 — Wikipedia chưa cập nhật nghị quyết mới.
09988,01,7,2026_07,,2026-07-01,unverified,wiki-09988-1;wiki-09988-2;wiki-09988-3,Trích tự động từ Wikipedia tiếng Việt (mode=table). Cần đối chiếu nghị quyết HĐND phường/xã.
10003,01,21,2026_07,,2026-07-01,unverified,wiki-10003-1;wiki-10003-2;wiki-10003-3,Trích tự động từ Wikipedia tiếng Việt (mode=table). Cần đối chiếu nghị quyết HĐND phường/xã.
10015,01,21,2026_07,,2026-07-01,unverified,wiki-10015-1;wiki-10015-2;wiki-10015-3,Trích tự động từ Wikipedia tiếng Việt (mode=table). Cần đối chiếu nghị quyết HĐND phường/xã.
10030,01,21,2026_07,,2026-07-01,unverified,wiki-10030-1;wiki-10030-2;wiki-10030-3,Trích tự động từ Wikipedia tiếng Việt (mode=table). Cần đối chiếu nghị quyết HĐND phường/xã.
10045,01,18,2026_07,,2026-07-01,unverified,wiki-10045-1;wiki-10045-2;wiki-10045-3,Trích tự động từ Wikipedia tiếng Việt (mode=table). Cần đối chiếu nghị quyết HĐND phường/xã.
10072,01,19,2026_07,,2026-07-01,unverified,wiki-10072-1;wiki-10072-2;wiki-10072-3,Trích tự động từ Wikipedia tiếng Việt (mode=table). Cần đối chiếu nghị quyết HĐND phường/xã.
10081,01,15,2026_07,,2026-07-01,unverified,wiki-10081-1;wiki-10081-2;wiki-10081-3,Trích tự động từ Wikipedia tiếng Việt (mode=table). Cần đối chiếu nghị quyết HĐND phường/xã.
10096,01,14,2026_07,,2026-07-01,unverified,wiki-10096-1;wiki-10096-2;wiki-10096-3,Trích tự động từ Wikipedia tiếng Việt (mode=table). Cần đối chiếu nghị quyết HĐND phường/xã.
10114,01,14,2026_07,,2026-07-01,unverified,wiki-10114-1;wiki-10114-2;wiki-10114-3,Trích tự động từ Wikipedia tiếng Việt (mode=table). Cần đối chiếu nghị quyết HĐND phường/xã.
10126,01,17,2026_07,,2026-07-01,unverified,wiki-10126-1;wiki-10126-2;wiki-10126-3,Trích tự động từ Wikipedia tiếng Việt (mode=table). Cần đối chiếu nghị quyết HĐND phường/xã.
10144,01,14,2026_07,,2026-07-01,unverified,wiki-10144-1;wiki-10144-2;wiki-10144-3,Trích tự động từ Wikipedia tiếng Việt (mode=table). Cần đối chiếu nghị quyết HĐND phường/xã.
10180,01,18,2026_07,,2026-07-01,unverified,wiki-10180-1;wiki-10180-2;wiki-10180-3,Trích tự động từ Wikipedia tiếng Việt (mode=table). Cần đối chiếu nghị quyết HĐND phường/xã.
10183,01,21,2026_07,,2026-07-01,unverified,wiki-10183-1;wiki-10183-2;wiki-10183-3,Trích tự động từ Wikipedia tiếng Việt (mode=table). Cần đối chiếu nghị quyết HĐND phường/xã.
10210,01,18,2026_07,,2026-07-01,unverified,wiki-10210-1;wiki-10210-2;wiki-10210-3,Trích tự động từ Wikipedia tiếng Việt (mode=table). Cần đối chiếu nghị quyết HĐND phường/xã.
10231,01,12,2026_07,,2026-07-01,unverified,wiki-10231-1;wiki-10231-2;wiki-10231-3,Trích tự động từ Wikipedia tiếng Việt (mode=table). Cần đối chiếu nghị quyết HĐND phường/xã.
10237,01,14,2026_07,,2026-07-01,unverified,wiki-10237-1;wiki-10237-2;wiki-10237-3,Trích tự động từ Wikipedia tiếng Việt (mode=table). Cần đối chiếu nghị quyết HĐND phường/xã.
10273,01,32,2026_07,,2026-07-01,unverified,wiki-10273-1;wiki-10273-2;wiki-10273-3,Trích tự động từ Wikipedia tiếng Việt (mode=table). Cần đối chiếu nghị quyết HĐND phường/xã.
10279,01,19,2026_07,,2026-07-01,unverified,wiki-10279-1;wiki-10279-2;wiki-10279-3,Trích tự động từ Wikipedia tiếng Việt (mode=table). Cần đối chiếu nghị quyết HĐND phường/xã.
10330,01,16,2026_07,,2026-07-01,unverified,wiki-10330-1;wiki-10330-2;wiki-10330-3,Trích tự động từ Wikipedia tiếng Việt (mode=table). Cần đối chiếu nghị quyết HĐND phường/xã.
10342,01,23,2026_07,,2026-07-01,unverified,wiki-10342-1;wiki-10342-2;wiki-10342-3,Trích tự động từ Wikipedia tiếng Việt (mode=table). Cần đối chiếu nghị quyết HĐND phường/xã.
10354,01,22,2026_07,,2026-07-01,unverified,wiki-10354-1;wiki-10354-2;wiki-10354-3,Trích tự động từ Wikipedia tiếng Việt (mode=table). Cần đối chiếu nghị quyết HĐND phường/xã.
10369,01,19,2026_07,,2026-07-01,unverified,wiki-10369-1;wiki-10369-2;wiki-10369-3,Trích tự động từ Wikipedia tiếng Việt (mode=table). Cần đối chiếu nghị quyết HĐND phường/xã.
10402,01,16,2026_07,,2026-07-01,unverified,wiki-10402-1;wiki-10402-2;wiki-10402-3,Trích tự động từ Wikipedia tiếng Việt (mode=table). Cần đối chiếu nghị quyết HĐND phường/xã.
10417,01,12,2026_07,,2026-07-01,unverified,wiki-10417-1;wiki-10417-2;wiki-10417-3,Trích tự động từ Wikipedia tiếng Việt (mode=table). Cần đối chiếu nghị quyết HĐND phường/xã.
10441,01,17,2026_07,,2026-07-01,unverified,wiki-10441-1;wiki-10441-2;wiki-10441-3,Trích tự động từ Wikipedia tiếng Việt (mode=table). Cần đối chiếu nghị quyết HĐND phường/xã.
10459,01,17,2026_07,,2026-07-01,unverified,wiki-10459-1;wiki-10459-2;wiki-10459-3,Trích tự động từ Wikipedia tiếng Việt (mode=table). Cần đối chiếu nghị quyết HĐND phường/xã.
10465,01,21,2026_07,,2026-07-01,unverified,wiki-10465-1;wiki-10465-2;wiki-10465-3,Trích tự động từ Wikipedia tiếng Việt (mode=table). Cần đối chiếu nghị quyết HĐND phường/xã.
10489,01,14,2026_07,,2026-07-01,unverified,wiki-10489-1;wiki-10489-2;wiki-10489-3,Trích tự động từ Wikipedia tiếng Việt (mode=table). Cần đối chiếu nghị quyết HĐND phường/xã.
