ward_code,province_code,name,full_name,name_en,full_name_en,code_name,unit_type,postal_code
00004,01,Ba Đình,Phường Ba Đình,Ba Dinh,Ba Dinh Ward,ba_dinh,Phường,11120
00008,01,Ngọc Hà,Phường Ngọc Hà,Ngoc Ha,Ngoc Ha Ward,ngoc_ha,Phường,11119
00025,01,Giảng Võ,Phường Giảng Võ,Giang Vo,Giang Vo Ward,giang_vo,Phường,11110
00070,01,Hoàn Kiếm,Phường Hoàn Kiếm,Hoan Kiem,Hoan Kiem Ward,hoan_kiem,Phường,11024
00082,01,Cửa Nam,Phường Cửa Nam,Cua Nam,Cua Nam Ward,cua_nam,Phường,11018
00091,01,Phú Thượng,Phường Phú Thượng,Phu Thuong,Phu Thuong Ward,phu_thuong,Phường,11210
00097,01,Hồng Hà,Phường Hồng Hà,Hong Ha,Hong Ha Ward,hong_ha,Phường,11025
00103,01,Tây Hồ,Phường Tây Hồ,Tay Ho,Tay Ho Ward,tay_ho,Phường,11214
00118,01,Bồ Đề,Phường Bồ Đề,Bo De,Bo De Ward,bo_de,Phường,11813
00127,01,Việt Hưng,Phường Việt Hưng,Viet Hung,Viet Hung Ward,viet_hung,Phường,11806
00136,01,Phúc Lợi,Phường Phúc Lợi,Phuc Loi,Phuc Loi Ward,phuc_loi,Phường,11817
00145,01,Long Biên,Phường Long Biên,Long Bien,Long Bien Ward,long_bien,Phường,11814
00160,01,Nghĩa Đô,Phường Nghĩa Đô,Nghia Do,Nghia Do Ward,nghia_do,Phường,11307
00166,01,Cầu Giấy,Phường Cầu Giấy,Cau Giay,Cau Giay Ward,cau_giay,Phường,11314
00175,01,Yên Hoà,Phường Yên Hoà,Yen Hoa,Yen Hoa Ward,yen_hoa,Phường,11312
00190,01,Ô Chợ Dừa,Phường Ô Chợ Dừa,O Cho Dua,O Cho Dua Ward,o_cho_dua,Phường,11511
00199,01,Láng,Phường Láng,Lang,Lang Ward,lang,Phường,11528
00226,01,Văn Miếu - Quốc Tử Giám,Phường Văn Miếu - Quốc Tử Giám,Van Mieu - Quoc Tu Giam,Van Mieu - Quoc Tu Giam Ward,van_mieu_quoc_tu_giam,Phường,11508
00229,01,Kim Liên,Phường Kim Liên,Kim Lien,Kim Lien Ward,kim_lien,Phường,11520
00235,01,Đống Đa,Phường Đống Đa,Dong Da,Dong Da Ward,dong_da,Phường,11527
00256,01,Hai Bà Trưng,Phường Hai Bà Trưng,Hai Ba Trung,Hai Ba Trung Ward,hai_ba_trung,Phường,11626
00283,01,Vĩnh Tuy,Phường Vĩnh Tuy,Vinh Tuy,Vinh Tuy Ward,vinh_tuy,Phường,11622
00292,01,Bạch Mai,Phường Bạch Mai,Bach Mai,Bach Mai Ward,bach_mai,Phường,11618
00301,01,Vĩnh Hưng,Phường Vĩnh Hưng,Vinh Hung,Vinh Hung Ward,vinh_hung,Phường,11712
00316,01,Định Công,Phường Định Công,Dinh Cong,Dinh Cong Ward,dinh_cong,Phường,11717
00322,01,Tương Mai,Phường Tương Mai,Tuong Mai,Tuong Mai Ward,tuong_mai,Phường,11715
00328,01,Lĩnh Nam,Phường Lĩnh Nam,Linh Nam,Linh Nam Ward,linh_nam,Phường,11709
00331,01,Hoàng Mai,Phường Hoàng Mai,Hoang Mai,Hoang Mai Ward,hoang_mai,Phường,11720
00337,01,Hoàng Liệt,Phường Hoàng Liệt,Hoang Liet,Hoang Liet Ward,hoang_liet,Phường,11719
00340,01,Yên Sở,Phường Yên Sở,Yen So,Yen So Ward,yen_so,Phường,11707
00352,01,Phương Liệt,Phường Phương Liệt,Phuong Liet,Phuong Liet Ward,phuong_liet,Phường,11412
00364,01,Khương Đình,Phường Khương Đình,Khuong Dinh,Khuong Dinh Ward,khuong_dinh,Phường,11410
00367,01,Thanh Xuân,Phường Thanh Xuân,Thanh Xuan,Thanh Xuan Ward,thanh_xuan,Phường,11417
00376,01,Sóc Sơn,Xã Sóc Sơn,Soc Son,Soc Son Commune,soc_son,Xã,12206
00382,01,Kim Anh,Xã Kim Anh,Kim Anh,Kim Anh Commune,kim_anh,Xã,12234
00385,01,Trung Giã,Xã Trung Giã,Trung Gia,Trung Gia Commune,trung_gia,Xã,12210
00430,01,Đa Phúc,Xã Đa Phúc,Da Phuc,Da Phuc Commune,da_phuc,Xã,12232
00433,01,Nội Bài,Xã Nội Bài,Noi Bai,Noi Bai Commune,noi_bai,Xã,12233
00454,01,Đông Anh,Xã Đông Anh,Dong Anh,Dong Anh Commune,dong_anh,Xã,12306
00466,01,Phúc Thịnh,Xã Phúc Thịnh,Phuc Thinh,Phuc Thinh Commune,phuc_thinh,Xã,12331
00475,01,Thư Lâm,Xã Thư Lâm,Thu Lam,Thu Lam Commune,thu_lam,Xã,12330
00493,01,Thiên Lộc,Xã Thiên Lộc,Thien Loc,Thien Loc Commune,thien_loc,Xã,12332
00508,01,Vĩnh Thanh,Xã Vĩnh Thanh,Vinh Thanh,Vinh Thanh Commune,vinh_thanh,Xã,12333
00541,01,Phù Đổng,Xã Phù Đổng,Phu Dong,Phu Dong Commune,phu_dong,Xã,12413
00562,01,Thuận An,Xã Thuận An,Thuan An,Thuan An Commune,thuan_an,Xã,12429
00565,01,Gia Lâm,Xã Gia Lâm,Gia Lam,Gia Lam Commune,gia_lam,Xã,12428
00577,01,Bát Tràng,Xã Bát Tràng,Bat Trang,Bat Trang Commune,bat_trang,Xã,12423
00592,01,Từ Liêm,Phường Từ Liêm,Tu Liem,Tu Liem Ward,tu_liem,Phường,12016
00598,01,Thượng Cát,Phường Thượng Cát,Thuong Cat,Thuong Cat Ward,thuong_cat,Phường,11912
00602,01,Đông Ngạc,Phường Đông Ngạc,Dong Ngac,Dong Ngac Ward,dong_ngac,Phường,11909
00611,01,Xuân Đỉnh,Phường Xuân Đỉnh,Xuan Dinh,Xuan Dinh Ward,xuan_dinh,Phường,11908
00613,01,Tây Tựu,Phường Tây Tựu,Tay Tuu,Tay Tuu Ward,tay_tuu,Phường,11914
00619,01,Phú Diễn,Phường Phú Diễn,Phu Dien,Phu Dien Ward,phu_dien,Phường,11916
00622,01,Xuân Phương,Phường Xuân Phương,Xuan Phuong,Xuan Phuong Ward,xuan_phuong,Phường,12008
00634,01,Tây Mỗ,Phường Tây Mỗ,Tay Mo,Tay Mo Ward,tay_mo,Phường,12009
00637,01,Đại Mỗ,Phường Đại Mỗ,Dai Mo,Dai Mo Ward,dai_mo,Phường,12010
00640,01,Thanh Trì,Xã Thanh Trì,Thanh Tri,Thanh Tri Commune,thanh_tri,Xã,12522
00643,01,Thanh Liệt,Phường Thanh Liệt,Thanh Liet,Thanh Liet Ward,thanh_liet,Phường,12510
00664,01,Đại Thanh,Xã Đại Thanh,Dai Thanh,Dai Thanh Commune,dai_thanh,Xã,12523
00679,01,Ngọc Hồi,Xã Ngọc Hồi,Ngoc Hoi,Ngoc Hoi Commune,ngoc_hoi,Xã,12516
00685,01,Nam Phù,Xã Nam Phù,Nam Phu,Nam Phu Commune,nam_phu,Xã,12524
04792,25,Tân Hoà,Phường Tân Hoà,Tan Hoa,Tan Hoa Ward,tan_hoa,Phường,36111
04795,25,Hoà Bình,Phường Hoà Bình,Hoa Binh,Hoa Binh Ward,hoa_binh,Phường,36122
04828,25,Thống Nhất,Phường Thống Nhất,Thong Nhat,Thong Nhat Ward,thong_nhat,Phường,36118
04831,25,Đà Bắc,Xã Đà Bắc,Da Bac,Da Bac Commune,da_bac,Xã,36306
04846,25,Đức Nhàn,Xã Đức Nhàn,Duc Nhan,Duc Nhan Commune,duc_nhan,Xã,36326
04849,25,Tân Pheo,Xã Tân Pheo,Tan Pheo,Tan Pheo Commune,tan_pheo,Xã,36310
04873,25,Quy Đức,Xã Quy Đức,Quy Duc,Quy Duc Commune,quy_duc,Xã,36327
04876,25,Cao Sơn,Xã Cao Sơn,Cao Son,Cao Son Commune,cao_son,Xã,36322
04891,25,Tiền Phong,Xã Tiền Phong,Tien Phong,Tien Phong Commune,tien_phong,Xã,36321
04894,25,Kỳ Sơn,Phường Kỳ Sơn,Ky Son,Ky Son Ward,ky_son,Phường,36121
04897,25,Thịnh Minh,Xã Thịnh Minh,Thinh Minh,Thinh Minh Commune,thinh_minh,Xã,36127
04924,25,Lương Sơn,Xã Lương Sơn,Luong Son,Luong Son Commune,luong_son,Xã,36256
04930,01,Yên Xuân,Xã Yên Xuân,Yen Xuan,Yen Xuan Commune,yen_xuan,Xã,13132
04960,25,Liên Sơn,Xã Liên Sơn,Lien Son,Lien Son Commune,lien_son,Xã,36275
04978,25,Kim Bôi,Xã Kim Bôi,Kim Boi,Kim Boi Commune,kim_boi,Xã,36925
04990,25,Nật Sơn,Xã Nật Sơn,Nat Son,Nat Son Commune,nat_son,Xã,36937
05014,25,Mường Động,Xã Mường Động,Muong Dong,Muong Dong Commune,muong_dong,Xã,36934
05047,25,Cao Dương,Xã Cao Dương,Cao Duong,Cao Duong Commune,cao_duong,Xã,36272
05068,25,Hợp Kim,Xã Hợp Kim,Hop Kim,Hop Kim Commune,hop_kim,Xã,36936
05086,25,Dũng Tiến,Xã Dũng Tiến,Dung Tien,Dung Tien Commune,dung_tien,Xã,36935
05089,25,Cao Phong,Xã Cao Phong,Cao Phong,Cao Phong Commune,cao_phong,Xã,36506
05092,25,Thung Nai,Xã Thung Nai,Thung Nai,Thung Nai Commune,thung_nai,Xã,36511
05116,25,Mường Thàng,Xã Mường Thàng,Muong Thang,Muong Thang Commune,muong_thang,Xã,36519
05128,25,Tân Lạc,Xã Tân Lạc,Tan Lac,Tan Lac Commune,tan_lac,Xã,36580
05134,25,Mường Hoa,Xã Mường Hoa,Muong Hoa,Muong Hoa Commune,muong_hoa,Xã,36583
05152,25,Vân Sơn,Xã Vân Sơn,Van Son,Van Son Commune,van_son,Xã,36568
05158,25,Mường Bi,Xã Mường Bi,Muong Bi,Muong Bi Commune,muong_bi,Xã,36581
05191,25,Toàn Thắng,Xã Toàn Thắng,Toan Thang,Toan Thang Commune,toan_thang,Xã,36582
05200,25,Mai Châu,Xã Mai Châu,Mai Chau,Mai Chau Commune,mai_chau,Xã,36406
05206,25,Tân Mai,Xã Tân Mai,Tan Mai,Tan Mai Commune,tan_mai,Xã,36429
05212,25,Pà Cò,Xã Pà Cò,Pa Co,Pa Co Commune,pa_co,Xã,36414
05245,25,Bao La,Xã Bao La,Bao La,Bao La Commune,bao_la,Xã,36418
05251,25,Mai Hạ,Xã Mai Hạ,Mai Ha,Mai Ha Commune,mai_ha,Xã,36423
05266,25,Lạc Sơn,Xã Lạc Sơn,Lac Son,Lac Son Commune,lac_son,Xã,36635
05287,25,Mường Vang,Xã Mường Vang,Muong Vang,Muong Vang Commune,muong_vang,Xã,36636
05290,25,Nhân Nghĩa,Xã Nhân Nghĩa,Nhan Nghia,Nhan Nghia Commune,nhan_nghia,Xã,36615
05293,25,Thượng Cốc,Xã Thượng Cốc,Thuong Coc,Thuong Coc Commune,thuong_coc,Xã,36618
05305,25,Yên Phú,Xã Yên Phú,Yen Phu,Yen Phu Commune,yen_phu,Xã,36607
05323,25,Quyết Thắng,Xã Quyết Thắng,Quyet Thang,Quyet Thang Commune,quyet_thang,Xã,36619
05329,25,Ngọc Sơn,Xã Ngọc Sơn,Ngoc Son,Ngoc Son Commune,ngoc_son,Xã,36624
05347,25,Đại Đồng,Xã Đại Đồng,Dai Dong,Dai Dong Commune,dai_dong,Xã,36637
05353,25,Yên Thuỷ,Xã Yên Thuỷ,Yen Thuy,Yen Thuy Commune,yen_thuy,Xã,36719
05362,25,Lạc Lương,Xã Lạc Lương,Lac Luong,Lac Luong Commune,lac_luong,Xã,36711
05386,25,Yên Trị,Xã Yên Trị,Yen Tri,Yen Tri Commune,yen_tri,Xã,36716
05392,25,Lạc Thuỷ,Xã Lạc Thuỷ,Lac Thuy,Lac Thuy Commune,lac_thuy,Xã,36821
05395,25,An Nghĩa,Xã An Nghĩa,An Nghia,An Nghia Commune,an_nghia,Xã,36822
05425,25,An Bình,Xã An Bình,An Binh,An Binh Commune,an_binh,Xã,36818
07894,25,Nông Trang,Phường Nông Trang,Nong Trang,Nong Trang Ward,nong_trang,Phường,35120
07900,25,Việt Trì,Phường Việt Trì,Viet Tri,Viet Tri Ward,viet_tri,Phường,35129
07909,25,Thanh Miếu,Phường Thanh Miếu,Thanh Mieu,Thanh Mieu Ward,thanh_mieu,Phường,35107
07918,25,Vân Phú,Phường Vân Phú,Van Phu,Van Phu Ward,van_phu,Phường,35118
07942,25,Phú Thọ,Phường Phú Thọ,Phu Tho,Phu Tho Ward,phu_tho,Phường,35916
07948,25,Âu Cơ,Phường Âu Cơ,Au Co,Au Co Ward,au_co,Phường,35906
07954,25,Phong Châu,Phường Phong Châu,Phong Chau,Phong Chau Ward,phong_chau,Phường,35907
07969,25,Đoan Hùng,Xã Đoan Hùng,Doan Hung,Doan Hung Commune,doan_hung,Xã,35306
07996,25,Bằng Luân,Xã Bằng Luân,Bang Luan,Bang Luan Commune,bang_luan,Xã,35313
07999,25,Chí Đám,Xã Chí Đám,Chi Dam,Chi Dam Commune,chi_dam,Xã,35308
08023,25,Tây Cốc,Xã Tây Cốc,Tay Coc,Tay Coc Commune,tay_coc,Xã,35319
08038,25,Chân Mộng,Xã Chân Mộng,Chan Mong,Chan Mong Commune,chan_mong,Xã,35331
08053,25,Hạ Hoà,Xã Hạ Hoà,Ha Hoa,Ha Hoa Commune,ha_hoa,Xã,35406
08071,25,Đan Thượng,Xã Đan Thượng,Dan Thuong,Dan Thuong Commune,dan_thuong,Xã,35414
08110,25,Hiền Lương,Xã Hiền Lương,Hien Luong,Hien Luong Commune,hien_luong,Xã,35420
08113,25,Yên Kỳ,Xã Yên Kỳ,Yen Ky,Yen Ky Commune,yen_ky,Xã,35436
08134,25,Văn Lang,Xã Văn Lang,Van Lang,Van Lang Commune,van_lang,Xã,35426
08143,25,Vĩnh Chân,Xã Vĩnh Chân,Vinh Chan,Vinh Chan Commune,vinh_chan,Xã,35429
08152,25,Thanh Ba,Xã Thanh Ba,Thanh Ba,Thanh Ba Commune,thanh_ba,Xã,35706
08173,25,Quảng Yên,Xã Quảng Yên,Quang Yen,Quang Yen Commune,quang_yen,Xã,35707
08203,25,Hoàng Cương,Xã Hoàng Cương,Hoang Cuong,Hoang Cuong Commune,hoang_cuong,Xã,35720
08209,25,Đông Thành,Xã Đông Thành,Dong Thanh,Dong Thanh Commune,dong_thanh,Xã,35727
08218,25,Chí Tiên,Xã Chí Tiên,Chi Tien,Chi Tien Commune,chi_tien,Xã,35721
08227,25,Liên Minh,Xã Liên Minh,Lien Minh,Lien Minh Commune,lien_minh,Xã,35733
08230,25,Phù Ninh,Xã Phù Ninh,Phu Ninh,Phu Ninh Commune,phu_ninh,Xã,35220
08236,25,Phú Mỹ,Xã Phú Mỹ,Phu My,Phu My Commune,phu_my,Xã,35214
08245,25,Trạm Thản,Xã Trạm Thản,Tram Than,Tram Than Commune,tram_than,Xã,35216
08254,25,Dân Chủ,Xã Dân Chủ,Dan Chu,Dan Chu Commune,dan_chu,Xã,35225
08275,25,Bình Phú,Xã Bình Phú,Binh Phu,Binh Phu Commune,binh_phu,Xã,35222
08290,25,Yên Lập,Xã Yên Lập,Yen Lap,Yen Lap Commune,yen_lap,Xã,35506
08296,25,Sơn Lương,Xã Sơn Lương,Son Luong,Son Luong Commune,son_luong,Xã,35523
08305,25,Xuân Viên,Xã Xuân Viên,Xuan Vien,Xuan Vien Commune,xuan_vien,Xã,35509
08311,25,Trung Sơn,Xã Trung Sơn,Trung Son,Trung Son Commune,trung_son,Xã,35514
08323,25,Thượng Long,Xã Thượng Long,Thuong Long,Thuong Long Commune,thuong_long,Xã,35516
08338,25,Minh Hoà,Xã Minh Hoà,Minh Hoa,Minh Hoa Commune,minh_hoa,Xã,35521
08341,25,Cẩm Khê,Xã Cẩm Khê,Cam Khe,Cam Khe Commune,cam_khe,Xã,35606
08344,25,Tiên Lương,Xã Tiên Lương,Tien Luong,Tien Luong Commune,tien_luong,Xã,35614
08377,25,Vân Bán,Xã Vân Bán,Van Ban,Van Ban Commune,van_ban,Xã,35618
08398,25,Phú Khê,Xã Phú Khê,Phu Khe,Phu Khe Commune,phu_khe,Xã,35623
08416,25,Hùng Việt,Xã Hùng Việt,Hung Viet,Hung Viet Commune,hung_viet,Xã,35632
08431,25,Đồng Lương,Xã Đồng Lương,Dong Luong,Dong Luong Commune,dong_luong,Xã,35630
08434,25,Tam Nông,Xã Tam Nông,Tam Nong,Tam Nong Commune,tam_nong,Xã,35976
08443,25,Hiền Quan,Xã Hiền Quan,Hien Quan,Hien Quan Commune,hien_quan,Xã,35962
08467,25,Vạn Xuân,Xã Vạn Xuân,Van Xuan,Van Xuan Commune,van_xuan,Xã,35958
08479,25,Thọ Văn,Xã Thọ Văn,Tho Van,Tho Van Commune,tho_van,Xã,35971
08494,25,Lâm Thao,Xã Lâm Thao,Lam Thao,Lam Thao Commune,lam_thao,Xã,35256
08500,25,Xuân Lũng,Xã Xuân Lũng,Xuan Lung,Xuan Lung Commune,xuan_lung,Xã,35260
08515,25,Hy Cương,Xã Hy Cương,Hy Cuong,Hy Cuong Commune,hy_cuong,Xã,35114
08521,25,Phùng Nguyên,Xã Phùng Nguyên,Phung Nguyen,Phung Nguyen Commune,phung_nguyen,Xã,35262
08527,25,Bản Nguyên,Xã Bản Nguyên,Ban Nguyen,Ban Nguyen Commune,ban_nguyen,Xã,35266
08542,25,Thanh Sơn,Xã Thanh Sơn,Thanh Son,Thanh Son Commune,thanh_son,Xã,35806
08545,25,Thu Cúc,Xã Thu Cúc,Thu Cuc,Thu Cuc Commune,thu_cuc,Xã,35559
08560,25,Lai Đồng,Xã Lai Đồng,Lai Dong,Lai Dong Commune,lai_dong,Xã,35561
08566,25,Tân Sơn,Xã Tân Sơn,Tan Son,Tan Son Commune,tan_son,Xã,35573
08584,25,Võ Miếu,Xã Võ Miếu,Vo Mieu,Vo Mieu Commune,vo_mieu,Xã,35810
08590,25,Xuân Đài,Xã Xuân Đài,Xuan Dai,Xuan Dai Commune,xuan_dai,Xã,35564
08593,25,Minh Đài,Xã Minh Đài,Minh Dai,Minh Dai Commune,minh_dai,Xã,35571
08611,25,Văn Miếu,Xã Văn Miếu,Van Mieu,Van Mieu Commune,van_mieu,Xã,35812
08614,25,Cự Đồng,Xã Cự Đồng,Cu Dong,Cu Dong Commune,cu_dong,Xã,35825
08620,25,Long Cốc,Xã Long Cốc,Long Coc,Long Coc Commune,long_coc,Xã,35569
08632,25,Hương Cần,Xã Hương Cần,Huong Can,Huong Can Commune,huong_can,Xã,35823
08635,25,Khả Cửu,Xã Khả Cửu,Kha Cuu,Kha Cuu Commune,kha_cuu,Xã,35814
08656,25,Yên Sơn,Xã Yên Sơn,Yen Son,Yen Son Commune,yen_son,Xã,35819
08662,25,Đào Xá,Xã Đào Xá,Dao Xa,Dao Xa Commune,dao_xa,Xã,35860
08674,25,Thanh Thuỷ,Xã Thanh Thuỷ,Thanh Thuy,Thanh Thuy Commune,thanh_thuy,Xã,35856
08686,25,Tu Vũ,Xã Tu Vũ,Tu Vu,Tu Vu Commune,tu_vu,Xã,35867
08707,25,Vĩnh Yên,Phường Vĩnh Yên,Vinh Yen,Vinh Yen Ward,vinh_yen,Phường,15116
08716,25,Vĩnh Phúc,Phường Vĩnh Phúc,Vinh Phuc,Vinh Phuc Ward,vinh_phuc,Phường,15115
08740,25,Phúc Yên,Phường Phúc Yên,Phuc Yen,Phuc Yen Ward,phuc_yen,Phường,15916
08746,25,Xuân Hoà,Phường Xuân Hoà,Xuan Hoa,Xuan Hoa Ward,xuan_hoa,Phường,15910
08761,25,Lập Thạch,Xã Lập Thạch,Lap Thach,Lap Thach Commune,lap_thach,Xã,15406
08770,25,Hợp Lý,Xã Hợp Lý,Hop Ly,Hop Ly Commune,hop_ly,Xã,15414
08773,25,Yên Lãng,Xã Yên Lãng,Yen Lang,Yen Lang Commune,yen_lang,Xã,15524
08782,25,Hải Lựu,Xã Hải Lựu,Hai Luu,Hai Luu Commune,hai_luu,Xã,15512
08788,25,Thái Hoà,Xã Thái Hoà,Thai Hoa,Thai Hoa Commune,thai_hoa,Xã,15412
08812,25,Liên Hoà,Xã Liên Hoà,Lien Hoa,Lien Hoa Commune,lien_hoa,Xã,15409
08824,25,Tam Sơn,Xã Tam Sơn,Tam Son,Tam Son Commune,tam_son,Xã,15506
08842,25,Tiên Lữ,Xã Tiên Lữ,Tien Lu,Tien Lu Commune,tien_lu,Xã,15424
08848,25,Sông Lô,Xã Sông Lô,Song Lo,Song Lo Commune,song_lo,Xã,15523
08866,25,Sơn Đông,Xã Sơn Đông,Son Dong,Son Dong Commune,son_dong,Xã,15421
08869,25,Tam Dương,Xã Tam Dương,Tam Duong,Tam Duong Commune,tam_duong,Xã,15219
08872,25,Tam Dương Bắc,Xã Tam Dương Bắc,Tam Duong Bac,Tam Duong Bac Commune,tam_duong_bac,Xã,15221
08896,25,Hoàng An,Xã Hoàng An,Hoang An,Hoang An Commune,hoang_an,Xã,15220
08905,25,Hội Thịnh,Xã Hội Thịnh,Hoi Thinh,Hoi Thinh Commune,hoi_thinh,Xã,15214
08911,25,Tam Đảo,Xã Tam Đảo,Tam Dao,Tam Dao Commune,tam_dao,Xã,15313
08914,25,Đạo Trù,Xã Đạo Trù,Dao Tru,Dao Tru Commune,dao_tru,Xã,15309
08923,25,Đại Đình,Xã Đại Đình,Dai Dinh,Dai Dinh Commune,dai_dinh,Xã,15308
08935,25,Bình Nguyên,Xã Bình Nguyên,Binh Nguyen,Binh Nguyen Commune,binh_nguyen,Xã,15820
08944,25,Bình Tuyền,Xã Bình Tuyền,Binh Tuyen,Binh Tuyen Commune,binh_tuyen,Xã,15822
08950,25,Bình Xuyên,Xã Bình Xuyên,Binh Xuyen,Binh Xuyen Commune,binh_xuyen,Xã,15819
08971,25,Xuân Lãng,Xã Xuân Lãng,Xuan Lang,Xuan Lang Commune,xuan_lang,Xã,15821
08974,01,Quang Minh,Xã Quang Minh,Quang Minh,Quang Minh Commune,quang_minh,Xã,12907
08980,01,Yên Lãng,Xã Yên Lãng,Yen Lang,Yen Lang Commune,yen_lang,Xã,12924
08995,01,Tiến Thắng,Xã Tiến Thắng,Tien Thang,Tien Thang Commune,tien_thang,Xã,12912
09022,01,Mê Linh,Xã Mê Linh,Me Linh,Me Linh Commune,me_linh,Xã,12923
09025,25,Yên Lạc,Xã Yên Lạc,Yen Lac,Yen Lac Commune,yen_lac,Xã,15706
09040,25,Tề Lỗ,Xã Tề Lỗ,Te Lo,Te Lo Commune,te_lo,Xã,15711
09043,25,Tam Hồng,Xã Tam Hồng,Tam Hong,Tam Hong Commune,tam_hong,Xã,15712
09052,25,Nguyệt Đức,Xã Nguyệt Đức,Nguyet Duc,Nguyet Duc Commune,nguyet_duc,Xã,15722
09064,25,Liên Châu,Xã Liên Châu,Lien Chau,Lien Chau Commune,lien_chau,Xã,15715
09076,25,Vĩnh Tường,Xã Vĩnh Tường,Vinh Tuong,Vinh Tuong Commune,vinh_tuong,Xã,15606
09079,25,Vĩnh An,Xã Vĩnh An,Vinh An,Vinh An Commune,vinh_an,Xã,15636
09100,25,Vĩnh Hưng,Xã Vĩnh Hưng,Vinh Hung,Vinh Hung Commune,vinh_hung,Xã,15635
09106,25,Vĩnh Thành,Xã Vĩnh Thành,Vinh Thanh,Vinh Thanh Commune,vinh_thanh,Xã,15637
09112,25,Thổ Tang,Xã Thổ Tang,Tho Tang,Tho Tang Commune,tho_tang,Xã,15612
09154,25,Vĩnh Phú,Xã Vĩnh Phú,Vinh Phu,Vinh Phu Commune,vinh_phu,Xã,15631
09552,01,Kiến Hưng,Phường Kiến Hưng,Kien Hung,Kien Hung Ward,kien_hung,Phường,12121
09556,01,Hà Đông,Phường Hà Đông,Ha Dong,Ha Dong Ward,ha_dong,Phường,12123
09562,01,Yên Nghĩa,Phường Yên Nghĩa,Yen Nghia,Yen Nghia Ward,yen_nghia,Phường,12116
09568,01,Phú Lương,Phường Phú Lương,Phu Luong,Phu Luong Ward,phu_luong,Phường,12120
09574,01,Sơn Tây,Phường Sơn Tây,Son Tay,Son Tay Ward,son_tay,Phường,12721
09604,01,Tùng Thiện,Phường Tùng Thiện,Tung Thien,Tung Thien Ward,tung_thien,Phường,12722
09616,01,Đoài Phương,Xã Đoài Phương,Doai Phuong,Doai Phuong Commune,doai_phuong,Xã,12723
09619,01,Quảng Oai,Xã Quảng Oai,Quang Oai,Quang Oai Commune,quang_oai,Xã,12637
09634,01,Cổ Đô,Xã Cổ Đô,Co Do,Co Do Commune,co_do,Xã,12614
09661,01,Minh Châu,Xã Minh Châu,Minh Chau,Minh Chau Commune,minh_chau,Xã,12608
09664,01,Vật Lại,Xã Vật Lại,Vat Lai,Vat Lai Commune,vat_lai,Xã,12620
09676,01,Bất Bạt,Xã Bất Bạt,Bat Bat,Bat Bat Commune,bat_bat,Xã,12638
09694,01,Suối Hai,Xã Suối Hai,Suoi Hai,Suoi Hai Commune,suoi_hai,Xã,12639
09700,01,Ba Vì,Xã Ba Vì,Ba Vi,Ba Vi Commune,ba_vi,Xã,12629
09706,01,Yên Bài,Xã Yên Bài,Yen Bai,Yen Bai Commune,yen_bai,Xã,12630
09715,01,Phúc Thọ,Xã Phúc Thọ,Phuc Tho,Phuc Tho Commune,phuc_tho,Xã,12806
09739,01,Phúc Lộc,Xã Phúc Lộc,Phuc Loc,Phuc Loc Commune,phuc_loc,Xã,12829
09772,01,Hát Môn,Xã Hát Môn,Hat Mon,Hat Mon Commune,hat_mon,Xã,12810
09784,01,Đan Phượng,Xã Đan Phượng,Dan Phuong,Dan Phuong Commune,dan_phuong,Xã,13007
09787,01,Liên Minh,Xã Liên Minh,Lien Minh,Lien Minh Commune,lien_minh,Xã,13023
09817,01,Ô Diên,Xã Ô Diên,O Dien,O Dien Commune,o_dien,Xã,13022
09832,01,Hoài Đức,Xã Hoài Đức,Hoai Duc,Hoai Duc Commune,hoai_duc,Xã,13226
09856,01,Dương Hoà,Xã Dương Hoà,Duong Hoa,Duong Hoa Commune,duong_hoa,Xã,13227
09871,01,Sơn Đồng,Xã Sơn Đồng,Son Dong,Son Dong Commune,son_dong,Xã,13224
09877,01,An Khánh,Xã An Khánh,An Khanh,An Khanh Commune,an_khanh,Xã,13219
09886,01,Dương Nội,Phường Dương Nội,Duong Noi,Duong Noi Ward,duong_noi,Phường,12114
09895,01,Quốc Oai,Xã Quốc Oai,Quoc Oai,Quoc Oai Commune,quoc_oai,Xã,13306
09910,01,Kiều Phú,Xã Kiều Phú,Kieu Phu,Kieu Phu Commune,kieu_phu,Xã,13327
09931,01,Hưng Đạo,Xã Hưng Đạo,Hung Dao,Hung Dao Commune,hung_dao,Xã,13325
09952,01,Phú Cát,Xã Phú Cát,Phu Cat,Phu Cat Commune,phu_cat,Xã,13314
09955,01,Thạch Thất,Xã Thạch Thất,Thach That,Thach That Commune,thach_that,Xã,13129
09982,01,Hạ Bằng,Xã Hạ Bằng,Ha Bang,Ha Bang Commune,ha_bang,Xã,13117
09988,01,Hoà Lạc,Xã Hoà Lạc,Hoa Lac,Hoa Lac Commune,hoa_lac,Xã,13131
10003,01,Tây Phương,Xã Tây Phương,Tay Phuong,Tay Phuong Commune,tay_phuong,Xã,13130
10015,01,Chương Mỹ,Phường Chương Mỹ,Chuong My,Chuong My Ward,chuong_my,Phường,13438
10030,01,Phú Nghĩa,Xã Phú Nghĩa,Phu Nghia,Phu Nghia Commune,phu_nghia,Xã,13411
10045,01,Xuân Mai,Xã Xuân Mai,Xuan Mai,Xuan Mai Commune,xuan_mai,Xã,13417
10072,01,Quảng Bị,Xã Quảng Bị,Quang Bi,Quang Bi Commune,quang_bi,Xã,13432
10081,01,Trần Phú,Xã Trần Phú,Tran Phu,Tran Phu Commune,tran_phu,Xã,13423
10096,01,Hoà Phú,Xã Hoà Phú,Hoa Phu,Hoa Phu Commune,hoa_phu,Xã,13427
10114,01,Thanh Oai,Xã Thanh Oai,Thanh Oai,Thanh Oai Commune,thanh_oai,Xã,13527
10126,01,Bình Minh,Xã Bình Minh,Binh Minh,Binh Minh Commune,binh_minh,Xã,13512
10144,01,Tam Hưng,Xã Tam Hưng,Tam Hung,Tam Hung Commune,tam_hung,Xã,13510
10180,01,Dân Hoà,Xã Dân Hoà,Dan Hoa,Dan Hoa Commune,dan_hoa,Xã,13521
10183,01,Thường Tín,Xã Thường Tín,Thuong Tin,Thuong Tin Commune,thuong_tin,Xã,13606
10210,01,Hồng Vân,Xã Hồng Vân,Hong Van,Hong Van Commune,hong_van,Xã,13611
10231,01,Thượng Phúc,Xã Thượng Phúc,Thuong Phuc,Thuong Phuc Commune,thuong_phuc,Xã,13635
10237,01,Chương Dương,Xã Chương Dương,Chuong Duong,Chuong Duong Commune,chuong_duong,Xã,13632
10273,01,Phú Xuyên,Xã Phú Xuyên,Phu Xuyen,Phu Xuyen Commune,phu_xuyen,Xã,13906
10279,01,Phượng Dực,Xã Phượng Dực,Phuong Duc,Phuong Duc Commune,phuong_duc,Xã,13921
10330,01,Chuyên Mỹ,Xã Chuyên Mỹ,Chuyen My,Chuyen My Commune,chuyen_my,Xã,13926
10342,01,Đại Xuyên,Xã Đại Xuyên,Dai Xuyen,Dai Xuyen Commune,dai_xuyen,Xã,13930
10354,01,Vân Đình,Xã Vân Đình,Van Dinh,Van Dinh Commune,van_dinh,Xã,13806
10369,01,Ứng Thiên,Xã Ứng Thiên,Ung Thien,Ung Thien Commune,ung_thien,Xã,13835
10402,01,Ứng Hoà,Xã Ứng Hoà,Ung Hoa,Ung Hoa Commune,ung_hoa,Xã,13837
10417,01,Hoà Xá,Xã Hoà Xá,Hoa Xa,Hoa Xa Commune,hoa_xa,Xã,13836
10441,01,Mỹ Đức,Xã Mỹ Đức,My Duc,My Duc Commune,my_duc,Xã,13728
10459,01,Phúc Sơn,Xã Phúc Sơn,Phuc Son,Phuc Son Commune,phuc_son,Xã,13729
10465,01,Hồng Sơn,Xã Hồng Sơn,Hong Son,Hong Son Commune,hong_son,Xã,13718
10489,01,Hương Sơn,Xã Hương Sơn,Huong Son,Huong Son Commune,huong_son,Xã,13723
